name, views1, likes1, dislikes1, views2, likes2, dislikes2, views3, likes3, dislikes3
Avatar,460500,1963,153,5861374,16658,918,5726388,41193,27832
Pirates of the Caribbean: At World's End,1496625,5837,98,69081,378,9,243187,1083,61
Spectre,15523389,33650,1601,8929882,29157,762,4380244,5097,182
The Dark Knight Rises,36894749,98031,3318,33576305,123433,3334,3357109,10496,234
John Carter,4011536,6124,499,5124349,5745,541,2375464,2265,194
Spider-Man 3,2939124,,,152946,759,30,-1,8225,1930
Tangled,4755567,4992,1045,2720127,3327,422,2229687,2618,524
Avengers: Age of Ultron,85854752,595472,13811,45756880,216491,6695,-1,,
Harry Potter and the Half-Blood Prince,615183,4374,71,5917048,12334,461,2034868,7521,209
Batman v Superman: Dawn of Justice,73254047,457780,19154,29112935,179949,15970,-1,6928,1796
Superman Returns,109898,684,26,1492973,4740,370,-1,634,121
Quantum of Solace,632409,1899,105,1404890,2108,109,17409,32,3
Pirates of the Caribbean: Dead Man's Chest,787739,1664,62,16417,78,1,19607,89,3
The Lone Ranger,8705153,19248,972,1458768,2695,157,-1,,
Man of Steel,44069262,165694,6825,40808132,132450,6601,-1,5385,1178
The Chronicles of Narnia: Prince Caspian,1251746,2861,229,2366828,3803,142,377613,1817,95
The Avengers,30914009,164975,3858,83913649,2546136,46450,-1,,
Pirates of the Caribbean: On Stranger Tides,11195231,27248,786,6772017,19502,530,-1,,
Men in Black 3,17625843,68937,1309,1092910,2650,110,102318,1291,400
The Hobbit: The Battle of the Five Armies,22304028,99120,2792,26843597,116645,3141,961481,4996,159
The Amazing Spider-Man,14287997,43770,4289,1130140,8760,705,292535,16279,4991
Robin Hood,13703898,48548,4245,1119155,2175,154,-1,665,88
The Hobbit: The Desolation of Smaug,14276555,61766,1645,7090377,27834,855,-1,1780,454
The Golden Compass,893153,1622,91,784258,2368,156,163735,436,108
King Kong,2493810,4069,424,14699723,62874,3150,-1,3693,934
Captain America: Civil War,28208229,99835,4475,81591081,692538,15333,1022545,2811,501
Battleship,5125247,9646,751,4079699,6613,575,4004597,4998,404
Jurassic World,88045349,329302,17053,29900070,120395,7174,-1,,
Skyfall,26761565,58087,2459,9687544,21444,704,650333,1467,83
Spider-Man 2,132193,60,4,16443123,265920,6407,-1,4569,1223
Iron Man 3,1475747,8520,307,28461568,82138,3944,-1,,
Alice in Wonderland,6065408,12660,681,1906374,2854,143,-1,,
X-Men: The Last Stand,-1,343,31,9466778,91343,4608,-1,945,377
Monsters University,3483536,9276,728,9791270,17707,2317,-1,,
Transformers: Revenge of the Fallen,4102390,6661,383,144582,533,17,809559,,
Transformers: Age of Extinction,10162531,25064,1384,3058925,9097,422,-1,7633,1718
Oz: The Great and Powerful,7186860,13275,793,1564018,4462,199,-1,,
The Amazing Spider-Man 2,15412712,63766,3159,37369947,132525,9404,1255095,8028,276
TRON: Legacy,12527726,25861,1135,1438405,3319,76,-1,,
Cars 2,30049906,19101,5003,10226756,5213,1796,-1,,
Green Lantern,3081339,4241,414,272261,656,64,878279,2375,205
Toy Story 3,9044177,9862,1904,4289061,4980,652,832063,2381,645
Terminator Salvation,733433,2987,138,409453,462,27,223327,,
Furious 7,70393731,329784,10144,18985681,86290,2655,3027180,8227,654
World War Z,12633943,36967,2307,488463,13243,717,-1,2797,874
X-Men: Days of Future Past,35407015,134030,6336,18726952,69134,2384,-1,3286,732
Star Trek Into Darkness,7009255,16432,808,1850758,5676,186,-1,2119,834
Jack the Giant Slayer,6415472,9887,980,1039800,1589,208,-1,1335,377
The Great Gatsby,19011872,52932,2412,3847350,15294,335,-1,4313,641
Prince of Persia: The Sands of Time,5108253,8187,450,44575,161,6,287049,557,29
Pacific Rim,20486861,64623,2929,9808675,88818,7441,-1,6408,1018
Transformers: Dark of the Moon,23177641,47784,2174,53011385,107940,6100,-1,6338,1857
Indiana Jones and the Kingdom of the Crystal Skull,65408,380,16,259790,909,28,7362509,48418,1168
The Good Dinosaur,18313929,43556,3311,9409258,20167,1821,428393,911,257
Brave,615808,1943,86,18449035,42918,3433,52288,278,16
Star Trek Beyond,18759796,67514,26893,4265059,23332,1158,2495057,9098,1272
WALL·E,773623,680,150,774276,1391,101,-1,,
Rush Hour 3,816355,2033,80,106747,228,11,6130799,31998,1236
2012,2499685,3990,565,4134870,7280,912,9874193,13563,2604
A Christmas Carol,3902407,6676,394,401544,633,51,-1,,
Jupiter Ascending,6147173,12584,982,7204905,15867,1584,3879596,7084,837
The Legend of Tarzan,34555653,127003,7137,14565991,53138,3542,-1,2006,346
The Chronicles of Narnia: The Lion, the Witch and the Wardrobe,2812006,5083,303,1226719,,,-1,,
X-Men: Apocalypse,54297497,280871,18297,31132398,144442,7796,-1,3923,619
The Dark Knight,162795,1378,16,8696412,55526,966,-1,4329,1253
Up,6235947,8004,662,1481457,2759,259,-1,,
Monsters vs Aliens,1999540,,,118897,164,27,-1,1660,443
Iron Man,3275221,14014,368,966556,1555,85,1061031,4267,190
Hugo,377856,1339,79,66374,246,13,12470,82,3
The Mummy: Tomb of the Dragon Emperor,669182,1118,92,372948,578,64,2249290,4384,392
Suicide Squad,87466346,675440,21236,41719839,219776,9285,17589580,110003,2771
Evan Almighty,223108,587,47,1158557,1449,143,11727472,39235,4207
Edge of Tomorrow,14409214,38854,2241,841843,3270,105,-1,2400,388
G.I. Joe: The Rise of Cobra,482186,1128,61,153382,117,14,-1,775,192
Inside Out,7727773,17427,1518,17936200,49339,2356,221020,491,80
The Jungle Book,14281980,32430,1919,8258574,32117,1115,-1,,
Iron Man 2,1061031,4267,190,1546632,4634,263,3526479,5248,176
Snow White and the Huntsman,881938,3257,138,1276067,4536,220,-1,882,191
Maleficent,18887861,52770,2708,1130806,4447,164,-1,,
Dawn of the Planet of the Apes,8690528,24363,1214,12036082,33753,1731,-1,3268,675
The Lovers,1544728,2146,389,464975,620,117,-1,18,5
47 Ronin,17448488,44664,2070,1465614,3754,157,-1,722,184
Captain America: The Winter Soldier,2424526,14868,218,29591219,90909,3469,28208229,99835,4475
Shrek Forever After,6898873,4386,577,1563383,1047,297,480124,361,51
Tomorrowland,8992073,27994,1113,7219670,15307,1071,-1,,
Big Hero 6,19910641,53995,3440,17004980,46314,3316,-1,,
Wreck-It Ralph,-1,13148,908,10006649,23931,1762,21330327,187648,7525
The Polar Express,1389669,4223,273,64996,153,11,-1,9905,1973
Independence Day: Resurgence,26539194,94489,6089,8978061,31267,2385,3632272,9649,831
How to Train Your Dragon,32745859,531539,13828,5140054,10089,509,-1,7150,1386
Terminator 3: Rise of the Machines,564776,,,267741,314,38,-1,116,22
Guardians of the Galaxy,10051870,29140,2141,6978933,35570,1129,-1,,
Interstellar,2956289,10025,260,5488385,16347,512,6441658,22134,856
Inception,5673230,28253,640,3735852,7781,254,31910,192,10
シン・ゴジラ,4814664,,,3874709,,,178178,673,26
The Hobbit: An Unexpected Journey,9739235,39483,867,5753355,18346,516,14276559,61766,1645
The Fast and the Furious,2118146,3825,163,597042,3942,148,-1,5917,1718
The Curious Case of Benjamin Button,545861,3943,126,59195,458,6,-1,1078,243
X-Men: First Class,1487971,3652,114,16219621,32579,1367,44793,163,13
The Hunger Games: Mockingjay - Part 2,22136945,140142,4057,11859303,84517,1450,-1,-1,-1
The Sorcerer's Apprentice,2739910,4428,272,591485,771,71,939,1,2
Poseidon,1006382,2170,137,495013,1786,83,6297785,25344,1820
Alice Through the Looking Glass,10115206,54805,2062,4991602,36311,928,199581,819,61
Shrek the Third,1226677,613,158,19781,116,6,-1,3257,1250
Warcraft,25447911,130441,6658,18993406,233925,5669,1130865,7554,517
Terminator Genisys,28911077,90437,10545,20706462,45576,4264,12102566,28687,3926
The Chronicles of Narnia: The Voyage of the Dawn Treader,3891980,9405,279,2322423,6192,370,89113,237,7
Pearl Harbor,1614871,3387,185,219767,451,28,299455,1073,68
Transformers,697741,2600,90,1460260,11814,402,-1,12219,2015
Alexander,1752907,4315,226,419417,625,35,9953,38,1
Harry Potter and the Order of the Phoenix,1324260,6901,138,-1,287,16,97223,280,17
Harry Potter and the Goblet of Fire,1016125,7774,146,151888,872,19,34325,206,14
Hancock,843233,2333,105,87518,249,11,85143,202,18
I Am Legend,1346432,5258,147,4777318,8766,391,7002521,36732,1259
Charlie and the Chocolate Factory,2054045,5846,441,681911,2068,166,-1,493,77
Ratatouille,3162414,3747,402,399336,639,158,545876,2024,257
Batman Begins,2331149,12055,248,8696431,55526,966,379635,797,102
Madagascar: Escape 2 Africa,8014737,3902,1061,591034,523,89,-1,4860,1102
Night at the Museum: Battle of the Smithsonian,303664,382,19,14677,17,1,-1,708,162
X-Men Origins: Wolverine,176185,267,5,815838,2497,112,-1,2309,758
The Matrix Revolutions,518733,1678,76,159451,332,12,9332,56,2
Frozen,35011491,56640,8937,36464402,635609,38890,36788611,804047,36269
The Matrix Reloaded,869746,2627,96,42898,177,12,41253,114,14
Thor: The Dark World,18986134,70990,2702,3488435,12721,420,-1,,
Mad Max: Fury Road,29812510,102130,5384,14834402,51065,2734,10268506,29147,1385
Angels & Demons,4115458,25249,922,277980,6660,153,1525405,16171,1138
Thor,23999727,42087,2100,70954721,712025,30267,203419,607,52
Bolt,954218,575,121,607112,1102,108,29569,131,7
G-Force,258653,787,72,25621,121,3,1571169,1229,162
Wrath of the Titans,14421341,25013,1342,1499347,2924,142,-1,665,142
Dark Shadows,1512184,8681,247,17856,163,7,-1,1108,225
Mission: Impossible - Rogue Nation,13550013,31712,1243,-1,944,193,10843960,23481,880
The Wolfman,912979,2397,122,190477,506,21,9051244,29896,2322
Bee Movie,795715,2785,315,3936165,2236,535,-1,3515,1577
Kung Fu Panda 2,1561119,3395,184,1087431,1511,117,127977,389,27
The Last Airbender,8840780,11774,3318,-1,-1,-1,812941,962,230
Mission: Impossible III,1114618,1548,81,114648,167,6,400236,,
White House Down,8098606,3093,323,1474438,3290,372,1725421,2926,286
Mars Needs Moms,1006500,1752,531,284644,327,160,-1,,
Flushed Away,2176656,2234,324,29528,162,6,-1,1806,447
Pan,13032719,43521,3376,6369821,17107,1445,418666,3497,139
Mr. Peabody & Sherman,2082846,5489,513,-1,5931,1738,-1,-1,-1
Troy,1696891,4305,171,51606,261,4,1469030,9076,5361
Madagascar 3: Europe's Most Wanted,1575087,4136,318,7158404,10381,1043,-1,2148,607
Die Another Day,270812,640,49,200279,221,28,-1,252,64
Ghostbusters,45407214,306098,1119142,35037,280,19,-1,6943,1735
Men in Black II,1416831,1705,112,183494,,,19257142,299259,55435
Beowulf,1184328,1646,193,200166,296,21,-1,368,70
Kung Fu Panda 3,25069812,90871,4500,13653125,34463,1959,1157605,3629,485
Mission: Impossible - Ghost Protocol,1132386,3971,151,470389,612,42,77953,112,11
Rise of the Guardians,6126316,17775,655,9207758,37532,1633,-1,2558,622
Fun with Dick and Jane,131762,680,19,114745,124,9,-1,338,94
The Last Samurai,1606337,3216,161,37193,139,16,164835,240,12
Exodus: Gods and Kings,13224173,26219,3203,6623535,14167,1276,-1,1087,303
Star Trek,788863,3034,102,686007,,,-1,1312,251
Spider-Man,36937226,1119330,25121,519615,32718,6918,16443185,265923,6407
How to Train Your Dragon 2,2414822,16125,314,1884471,7046,343,-1,8483,1607
Gods of Egypt,25428309,69142,15704,2316521,8416,1737,-1,1337,256
Stealth,145125,397,36,1194452,5363,721,-1,131,26
Watchmen,1708177,,,585116,2992,128,-1,1587,265
Hulk,1140962,2087,198,4236915,9680,756,2158119,5660,1098
G.I. Joe: Retaliation,1332314,2612,126,588693,1855,106,2584814,4964,230
Sahara,804331,,,6949,14,1,611933,506,86
Final Fantasy: The Spirits Within,161852,,,385945,943,60,126454,168,2
Captain America: The First Avenger,9506791,34965,1086,2286242,5593,158,2639,25,0
Master and Commander: The Far Side of the World,411470,543,35,40039,33,1,306657,469,27
The Twilight Saga: Breaking Dawn - Part 2,1508635,4141,557,-1,7172,1471,37838921,89411,13375
Happy Feet Two,8386287,7473,962,258244,814,128,-1,2172,556
The Incredible Hulk,4236915,9680,756,24149,143,5,2158119,5660,1098
The BFG,9189555,30544,2241,8157622,22931,1656,9142893,51948,2016
The Revenant,22696440,56878,1804,25916546,65750,2910,3548737,15590,404
Turbo,2175523,4739,478,8021005,10348,1459,-1,5830,1993
Rango,11189919,14310,1056,23166,52,3,244090,851,77
Penguins of Madagascar,9822070,23199,1199,1582552,3467,190,-1,4135,1588
The Bourne Ultimatum,1210594,1659,81,711969,1020,39,451511,,
Kung Fu Panda,1427478,2322,241,1561119,3395,184,-1,2967,1200
Ant-Man,24688707,111631,4387,-1,4286,592,29065532,486833,11841
The Hunger Games: Catching Fire,12918547,54840,1451,3729494,26880,480,32323474,188596,4462
Home,13661306,29849,2384,8159647,125861,2498,-1,13035,3876
War of the Worlds,1086506,4117,170,282906,435,33,762590,6182,394
Bad Boys II,926978,,,16985,53,1,1563194,26584,1056
Puss in Boots,5606877,8784,443,1341947,3267,174,-1,2322,791
Salt,7172877,8451,529,1380354,1608,100,26691,72,9
Noah,15305143,45982,4429,2162825,12717,1026,-1,1621,529
The Adventures of Tintin,1675791,3404,178,-1,1075,128,163184,938,56
Harry Potter and the Prisoner of Azkaban,1768028,5326,149,382070,2324,34,29135,132,15
Australia,801314,1467,99,-1,74,17,-1,154,31
After Earth,17634891,42869,3547,4484091,12140,836,4282425,26839,1277
Dinosaur,1091783,2579,234,127326,,,-1,,
Night at the Museum: Secret of the Tomb,4528816,15836,469,1873645,5866,192,400556,1464,54
Megamind,1165230,1949,110,592452,970,83,-1,3666,751
Harry Potter and the Philosopher's Stone,1554930,9286,170,467708,513,36,-1,11751,2460
R.I.P.D.,198209,668,36,862712,2972,161,6678844,22157,2038
Pirates of the Caribbean: The Curse of the Black Pearl,1766483,5153,141,659851,6733,171,-1,,
The Hunger Games: Mockingjay - Part 1,12516956,39197,1230,22136945,140142,4057,-1,3219,876
The Da Vinci Code,536701,2624,86,523312,1337,85,-1,435,116
Rio 2,4899996,12003,1001,1490028,3683,391,2180151,3968,440
X2,604344,1239,53,-1,936,271,50522,475,18
Fast Five,1555414,2518,129,689062,1200,42,27003267,81028,3498
Sherlock Holmes: A Game of Shadows,1304520,3673,119,347519,1103,27,9777,39,4
Clash of the Titans,650226,1556,95,14421343,25013,1342,61992,203,4
The Bourne Legacy,4159181,7632,551,3358401,7279,311,11059672,33635,1008
How the Grinch Stole Christmas,2460843,,,2811540,18236,3459,11109855,30142,4853
The Day After Tomorrow,2218949,5939,209,261227,755,45,5222,21,0
Mission: Impossible II,1005685,,,13282,125,1,279413,203,29
The Perfect Storm,546571,712,67,314199,360,33,3794090,5495,488
4: Rise of the Silver Surfer,496322,875,53,233935,578,18,-1,637,210
Life of Pi,2388272,7339,501,448960,1895,59,6636737,15524,1054
Ghost Rider,1023576,,,1181978,4084,208,-1,3813,526
Jason Bourne,11059672,33635,1008,1436962,3548,245,300770,514,322
Charlie's Angels: Full Throttle,146647,848,15,353287,,,5792,39,1
Prometheus,10041698,10477,615,19793067,31879,1819,5311457,14546,575
Stuart Little 2,991287,,,381516,1677,171,-1,623,211
Elysium,9383280,12595,778,10072047,24371,1212,867829,2785,99
The Chronicles of Riddick,1385912,1745,131,487908,1490,90,-1,396,98
RoboCop,3850492,13361,1313,205213,1026,41,489141,2962,133
Speed Racer,597223,2377,180,34299,220,8,-1,707,169
How Do You Know,1596606,1986,144,2573523,8575,227,2558598,16261,432
Knight and Day,3188458,8785,225,75227,182,10,-1,358,55
Oblivion,7613276,18712,938,217865,1802,121,543238,5401,103
Star Wars: Episode III - Revenge of the Sith,3242585,27598,722,65135,841,12,-1,4155,542
Star Wars: Episode II - Attack of the Clones,2215692,10038,518,177032,584,30,28785,70,5
Monsters, Inc.,6546960,4455,901,-1,,,-1,,
The Wolverine,1399421,5029,208,5927259,13976,679,-1,1935,320
The Croods,9205502,11541,1400,791505,1702,241,410361,640,83
Astérix aux Jeux Olympiques,119525,157,24,777692,468,61,-1,29,13
Windtalkers,530090,637,42,538794,1845,100,-1,333,95
The Huntsman: Winter's War,7955233,32146,1075,-1,839,103,8772104,19024,929
Teenage Mutant Ninja Turtles,8493966,28421,3569,28477734,136861,11881,-1,10867,3230
Gravity,16815063,37569,3968,1090926,2174,218,437015,2067,90
Teenage Mutant Ninja Turtles: Out of the Shadows,5552524,28582,1981,1362148,10344,700,-1,4131,808
Fantastic Four,12044677,42889,8756,17928494,71106,20868,-1,286,140
Night at the Museum,-1,205,35,4528816,15836,469,-1,1514,358
San Andreas,15594511,43473,2684,24883756,66303,4133,-1,4567,681
The Patriot,660208,,,676099,995,129,37263,88,7
Ocean's Twelve,480476,914,38,10439,48,0,437726,602,40
Mr. & Mrs. Smith,,1655,106,330044,2420,276,-1,-1,-1
Insurgent,11325346,51577,2070,1108234,2283,140,34601073,107502,4254
The Aviator,1631675,3444,95,1631236,2019,83,-1,257,57
Gulliver's Travels,523726,1214,161,42902,156,18,294850,310,25
The Green Hornet,2461362,3360,309,164127,264,18,-1,328,84
300: Rise of an Empire,17115989,53319,2529,4661010,11834,656,-1,1634,572
The Smurfs,3095604,3683,1226,756711,,,2368637,1736,466
Home on the Range,412497,,,560543,443,79,-1,,
Allegiant,8312617,33629,1641,2973227,15985,896,1730977,5036,251
Real Steel,1613804,3822,227,2582369,2955,219,1814022,4841,506
The Smurfs 2,235192,392,65,883757,1958,473,-1,2042,726
Ender's Game,4079908,10958,715,7354817,17160,1582,9666899,29481,1905
Live Free or Die Hard,472812,746,40,295221,537,25,-1,389,139
The Lord of the Rings: The Fellowship of the Ring,2732692,7598,265,2727817,10811,219,-1,6461,931
Around the World in 80 Days,39810,110,15,547605,1148,93,-1,,
Ali,1440094,20003,455,300048,1292,28,-1,341,70
The Cat in the Hat,1814299,,,7125,31,3,-1,7770,1879
I, Robot,2119621,4859,316,45671,105,17,2297900,10663,222
Kingdom of Heaven,419707,1201,52,4044752,6003,371,60502,137,13
The Princess and the Frog,8393459,7015,1963,526750,682,71,383131,256,56
The Martian,16077895,51398,1675,21894530,91830,2911,950485,5368,134
The Island,609313,1550,139,447012,765,53,96811,237,35
Town & Country,32026048,575792,6672,8174651,107739,2551,32271200,271994,4722
Gone in Sixty Seconds,209763,437,24,142654,182,19,-1,,
Gladiator,1679272,4315,231,42040,148,1,-1,2100,559
Minority Report,1077724,2724,146,1561644,,,23958,55,14
Harry Potter and the Chamber of Secrets,744165,4058,70,180682,393,12,73031,65,7
Casino Royale,1894106,4787,190,592303,1001,56,-1,1070,197
Planet of the Apes,5818057,31253,942,10931578,24617,1392,-1,6906,1529
Public Enemies,4113831,6819,299,621120,1189,42,720190,2032,75
American Gangster,2174807,4751,177,7255102,30722,869,-1,1509,330
The Taking of Pelham 1 2 3,1055074,1632,97,83047,296,11,78123,140,10
Little Fockers,151359,303,29,2944,5,0,-1,231,65
The Other Guys,7315642,11219,407,956513,8538,174,-1,725,122
Django Unchained,16081632,44994,1974,1684242,5281,212,236623,1026,29
The Emperor's New Groove,1254023,,,198992,222,34,-1,,
The Expendables 2,4742625,4920,184,6667473,15816,356,-1,670,144
National Treasure,753095,1215,95,569348,798,62,-1,,
Eragon,456940,1077,147,-1,190,26,2617849,3052,860
Where the Wild Things Are,1040289,4388,146,721204,3156,100,186195,741,22
Epic,1385588,5583,198,428989,1923,101,-1,1404,514
The Tourist,1783744,3109,150,487398,779,43,3106,9,0
Blood Diamond,2335761,6271,256,126074,612,20,501894,1193,364
The Wolf of Wall Street,22047224,71211,3041,5661452,15703,548,-1,6300,1466
Cloud Atlas,21176071,83390,3047,3274746,6297,266,209550,1076,33
Legend of the Guardians: The Owls of Ga'Hoole,689035,3062,71,3699610,8488,362,254243,340,14
Catwoman,2351119,7624,752,810076,2742,436,-1,648,239
Hercules,1720530,4821,280,317649,527,45,-1,,
Treasure Planet,925209,2798,102,254081,625,31,-1,,
Land of the Lost,1775395,2478,255,159205,303,21,191084,1214,60
The Expendables 3,16824580,38040,1656,1655531,6151,156,6906501,30269,757
Point Break,3411580,7920,1953,1483713,2420,124,22330736,47637,13773
Son of the Mask,5506949,17817,3308,391742,549,217,1861858,28239,764
In the Heart of the Sea,11086456,28404,1422,4263547,9052,396,-1,488,76
The Adventures of Pluto Nash,364696,636,285,65159,199,33,3345,6,3
Green Zone,1281464,1467,126,236179,1080,208,-1,158,31
The Peanuts Movie,3243094,13114,572,4440953,9060,388,-1,6387,2003
The Mummy Returns,642141,1286,99,83712,189,9,-1,929,228
Gangs of New York,1031095,2418,125,463824,1168,31,54725,143,13
金陵十三釵,148612,189,27,173973,273,24,-1,187,13
Surf's Up,362351,,,-1,316,81,146653,207,30
The Stepford Wives,505917,1304,71,41679,127,4,-1,143,19
Black Hawk Down,213381,1063,44,182594,569,14,1860223,7238,1041
The Campaign,799932,2037,92,242977,412,17,-1,453,140
Sex and the City 2,634797,1484,148,51773,104,13,-1,777,278
The Road to El Dorado,1138044,,,124590,163,11,-1,668,134
Ice Age: Continental Drift,657433,1698,146,4005331,11727,696,-1,3084,1232
Cinderella,33468784,116644,7347,1449206,6188,271,-1,,
The Lovely Bones,1324029,,,127852,607,128,-1,2260,426
Finding Nemo,1677374,1856,298,68465,194,26,-1,,
The Lord of the Rings: The Return of the King,2727817,10811,219,252005,1458,22,994288,4498,105
The Lord of the Rings: The Two Towers,994288,4498,105,2727817,10811,219,-1,1386,365
Seventh Son,7046245,10783,939,2838881,8415,373,3550480,1131,196
Lara Croft: Tomb Raider,2177209,3152,255,19743339,110174,23494,-1,2159,442
Transcendence,16282212,43511,1754,2579785,3938,213,-1,563,127
Jurassic Park III,1339037,3635,170,1428956,1860,149,-1,2874,735
Rise of the Planet of the Apes,4106038,5706,368,5488933,23129,965,380822,1259,37
The Spiderwick Chronicles,1203757,3864,174,6399,56,3,-1,1097,288
A Good Day to Die Hard,535683,2326,94,893428,2154,102,35611,109,13
The Alamo,221452,,,14274,,,26356,89,2
The Incredibles,573559,2460,148,43108,77,12,-1,,
Percy Jackson & the Olympians: The Lightning Thief,-1,3183,1010,802952,47668,769,1226768,28034,812
Unstoppable,383959,894,43,131538,445,12,-1,1079,167
Rush Hour 2,665197,1719,65,945475,1021,55,59738,166,9
What Lies Beneath,86177,178,21,128781,,,2785319,6169,973
Cloudy with a Chance of Meatballs,1741881,2397,216,863686,1235,113,929317,1366,128
Ice Age: Dawn of the Dinosaurs,1771920,1630,260,1503468,1409,249,-1,2212,836
The Secret Life of Walter Mitty,4196568,10928,388,4859162,21263,608,1903582,6782,214
Charlie's Angels,501578,,,146647,848,15,18461,101,3
The Departed,1295825,3745,124,575815,1121,86,99085,274,20
Tropic Thunder,1749882,,,1626706,10880,543,-1,841,218
The Girl with the Dragon Tattoo,3750568,8519,427,6432430,36298,4711,5480341,10554,626
Sherlock Holmes,9203370,61218,15567,1322371,4336,128,-1,1017,160
Ben-Hur,8096927,16058,7354,603726,762,87,-1,781,265
Atlantis: The Lost Empire,56707,321,10,91937,164,17,-1,,
Alvin and the Chipmunks: The Road Chip,5416642,18050,4109,2355599,9700,2104,-1,4592,1057
Valkyrie,926257,2903,111,94139,103,11,71928,345,19
You Don't Mess with the Zohan,764031,1538,116,4501820,18329,1102,713905,,
Pixels,21619845,91468,13699,9094517,15502,1256,4495097,15894,1115
A.I. Artificial Intelligence,194829,576,27,1025566,2820,125,-1,429,73
The Haunted Mansion,737053,2349,138,20672,56,3,-1,,
Hollow Man,140201,590,25,63991,141,20,-1,305,82
The Interpreter,214558,467,28,12071,32,0,-1,,
Percy Jackson: Sea of Monsters,5806438,24225,1343,1312050,6498,354,-1,3183,1010
Lara Croft Tomb Raider: The Cradle of Life,630900,1100,142,122425,145,8,-1,136,27
Now You See Me 2,9419175,48488,1231,25597841,274296,9787,-1,2174,287
Spy Game,206931,192,9,438076,1155,66,-1,74,21
Mission to Mars,193119,252,26,16077898,51398,1675,-1,,
Rio,3563619,3651,619,10597851,7220,1317,-1,5363,2137
K-19: The Widowmaker,218133,409,26,229463,,,6677,12,1
Cinderella Man,83663,251,6,218834,,,32195,146,29
The Nutcracker: The Untold Story,107242,,,449986,594,440,48177,,
Seabiscuit,426199,,,31440,,,-1,290,36
Cast Away,4102434,8064,489,2245756,4244,246,134721,346,10
Happy Feet,467028,513,52,62065,136,9,-1,2087,658
The Bourne Supremacy,1051261,1257,72,711971,1020,39,313883,92,12
Ocean's Eleven,1467671,3140,132,-1,1888,460,-1,31,1
The Three Musketeers,232272,712,49,118591,270,16,-1,183,26
Hotel Transylvania,4287665,11034,607,6533858,10218,794,564080,1210,78
Enchanted,519843,1539,66,119828,133,10,789286,1030,68
Safe House,8140544,12823,535,9652642,5887,572,-1,516,90
102 Dalmatians,145413,383,16,178700,261,15,163681,161,32
Tower Heist,5622187,7909,375,61782,147,7,-1,144,44
The Holiday,987781,4275,141,689464,697,46,-1,524,66
It's Complicated,119544,669,26,444029,529,41,-1,300,57
Ocean's Thirteen,381766,858,63,171535,157,9,-1,17,4
Open Season,395458,598,62,528579,,,-1,1325,475
Divergent,34601102,107502,4254,1362342,8117,195,11325346,51577,2070
Enemy at the Gates,1657000,2885,145,3827826,31368,1062,410452,,
The Rundown,366279,,,886362,2738,137,-1,317,94
Memoirs of a Geisha,781966,7505,110,86091,239,9,340242,4598,72
The Fast and the Furious: Tokyo Drift,4574122,14983,790,2544676,3766,270,4081551,58791,1820
Arthur Christmas,3352306,3936,247,1152790,1242,129,145448,465,44
Collateral Damage,199459,233,74,231936,212,21,1675014,9504,272
Mirror Mirror,1601775,6032,377,466077,747,92,-1,597,177
Scott Pilgrim vs. the World,2725552,20783,473,258803,429,21,-1,3527,438
The Core,635633,,,73408,63,6,39150,80,18
Nutty Professor II: The Klumps,80453,197,15,36721,65,6,-1,,
Scooby-Doo,452450,1375,89,-1,220,90,94357,370,12
Dredd,2561493,7030,695,11282,57,4,576796,2852,103
Click,149666,837,28,160757,404,23,-1,790,145
Cats & Dogs 2 : The Revenge of Kitty Galore,88413769,354907,69806,92298749,272594,107660,-1,1748,490
Jumper,541684,2246,123,391240,1634,45,-1,275,13
Hellboy II: The Golden Army,504987,1509,84,3000582,2665,170,116735,290,17
Zodiac,165665,985,34,777251,1679,178,1588453,5961,420
The 6th Day,15609,49,8,165252,,,63342,85,4
Bruce Almighty,611297,1856,66,97903,167,15,223109,587,47
The Expendables,1338951,3018,138,16824580,38040,1656,8525496,15673,656
The Hunger Games,6438518,19855,694,12918551,54840,1451,-1,6283,1651
The Hangover Part II,4503027,14480,489,311521,378,26,493799,902,34
Over the Hedge,55998,271,13,1626986,1891,168,-1,2571,708
Lilo & Stitch,198187,7505,55,-1,,,9037886,18035,4491
Charlotte's Web,898372,,,377034,,,-1,619,124
RED 2,3573041,7254,385,2425710,5787,171,1782425,13610,742
The Longest Yard,281934,608,17,186202,,,-1,1407,467
Alvin and the Chipmunks: Chipwrecked,285817,542,59,1424813,1832,289,-1,9878,3103
Grown Ups 2,3648023,12742,960,455361,2211,155,-1,3297,1213
Get Smart,1501561,3160,134,72086,233,8,27099,109,8
Something's Gotta Give,544592,1116,37,53667,46,8,-1,251,50
Shutter Island,201201,1212,33,390173,1405,54,73121,209,18
Four Christmases,196564,441,22,67003,50,6,-1,174,60
Robots,472816,1855,106,-1,595,140,-1,1935,478
Bedtime Stories,179548,366,26,1247861,1694,287,4453,11,1
Road to Perdition,317847,,,28411,26,1,-1,230,37
Just Go with It,1856253,4772,177,267928,259,15,65667,121,11
Eagle Eye,459512,795,62,1593078,1925,120,316496,,
Cold Mountain,210596,546,29,1176547,1421,67,204631,226,11
The Book of Eli,1027126,2592,165,3215196,4193,306,107013,721,13
The Pink Panther,316800,719,52,207845,563,20,-1,1220,402
The Day the Earth Stood Still,283854,830,53,1255446,1570,109,278830,322,29
Fury,2857051,8556,357,2778619,5207,405,8453354,26331,5140
Yogi Bear,371718,464,67,1049944,970,215,-1,751,167
Spirit: Stallion of the Cimarron,350989,867,67,359318,1251,62,-1,6305,1479
Zookeeper,276147,591,96,5641691,23344,1101,-1,429,78
The Manchurian Candidate,469183,985,40,93882,240,12,2571,14,0
Hotel Transylvania 2,39803164,100937,6242,7418539,23557,865,6182857,24439,771
The Time Machine,1234137,2583,152,133666,497,19,-1,190,34
Swordfish,306472,670,42,69817,95,26,-1,143,39
The Legend of Zorro,80886,162,15,160591,233,11,2496,175,31
Little Nicky,37884,136,33,486617,1015,125,301962,1027,65
The Brothers Grimm,797201,1065,80,6960796,16732,1168,62943,170,11
Évolution,16771,,,417888,1347,148,204146,663,76
Surrogates,2008933,2990,149,104170,106,8,-1,,
Thirteen Days,171919,302,17,28971,25,7,152946,384,8
Walking With Dinosaurs,8232430,17459,1561,912174,2615,234,-1,1146,382
Battlefield Earth,558449,426,869,31998,62,35,38217,835,23
Looney Tunes: Back in Action,201164,520,38,83650,203,12,-1,409,137
Nine,479569,809,66,2691532,11353,626,-1,1305,226
Timeline,495146,380,71,23595,35,2,-1,62,13
The Last Witch Hunter,11255288,20844,1220,842452,4580,181,10640628,22988,1335
Red Planet,247712,365,41,9611,12,2,-1,90,47
Arthur et les Minimoys,116715,278,22,34083,313,19,-1,,
Oceans,1967661,4537,186,18655994,129189,64004,-1,1888,460
A Sound of Thunder,64232,129,16,29186,124,14,-1,65,23
Pompeii,9368558,17151,2449,192806,325,39,839936,1903,190
Don Gato: El inicio de la pandilla,881099,1989,210,721772,1433,209,-1,78,24
A Beautiful Mind,543517,1585,56,187515,808,19,-1,788,148
Journey 2: The Mysterious Island,2801419,5796,366,309161,497,69,-1,1921,345
Cloudy with a Chance of Meatballs 2,929322,1366,128,196792,760,56,-1,4060,1063
Red Dragon,340138,682,65,295936,340,26,12899,64,7
Hidalgo,952692,1363,60,123016,226,5,97708,75,8
Jack and Jill,735906,4567,1490,52265,89,83,-1,576,220
2 Fast 2 Furious,2247022,3420,147,1380164,4427,261,14200,42,1
The Little Prince,5033191,39655,504,1073066,15129,244,36029,331,9
The Invasion,252544,928,53,4692737,30954,1220,-1,38,21
The Adventures of Rocky & Bullwinkle,29746,179,3,-1,258,57,174158,507,48
The Secret Life of Pets,9696444,25034,1477,3598773,14650,518,-1,34605,11918
The League of Extraordinary Gentlemen,370730,521,26,121451,254,18,-1,365,70
Despicable Me 2,7096628,13692,2148,7185710,7394,1491,-1,30485,12600
Madagascar,839219,949,132,645960,,,-1,4359,1704
Children of Men,3204895,9027,412,14893,44,2,8236,71,3
X-Men,12857054,149008,8186,9467128,91348,4608,-1,1501,465
Wanted,2606918,7167,342,250034,698,27,17867419,65409,4341
Ice Age: The Meltdown,140122,162,19,412231,,,-1,1933,664
50 First Dates,125415,1203,29,23998,90,21,343307,,
Hairspray,860116,3985,103,545822,1025,57,17847,53,4
Exorcist: The Beginning,605105,582,74,46570,111,13,-1,1747,491
Now You See Me,5878057,16380,527,11696320,34714,1103,9419204,48488,1231
Grown Ups,5560074,6361,483,3648025,12742,960,515965,702,37
The Terminal,521327,,,90161,238,21,4669033,22951,2237
Hotel for Dogs,277211,,,76267,149,14,50520,140,11
Vertical Limit,278872,430,44,391387,649,59,-1,71,24
Charlie Wilson's War,346527,635,44,1214847,4497,120,-1,124,40
Shark Tale,1041963,,,816825,594,91,-1,3561,938
Dreamgirls,499061,1671,43,3036891,11457,326,371148,,
Be Cool,241330,364,38,76986,259,14,259546,1478,39
Munich,154275,316,25,59070,300,16,-1,116,27
Tears of the Sun,446528,,,94253,168,27,-1,452,120
Killers,551418,1958,76,1067394,637,106,-1,126,50
The Man from U.N.C.L.E.,8195014,25931,729,6701213,26120,1142,4391756,5795,333
Spanglish,98152,549,15,1168595,1519,98,21620,34,5
Monster House,1348178,,,332368,409,53,657002,3485,405
Bandits,104847,172,14,176268,236,15,-1,32,17
Immortals,2934317,6839,496,263291,765,62,-1,856,178
Hostage,187213,201,10,115036,218,14,1697673,3653,413
Titan A.E.,317198,1317,90,86514,306,12,13377,26,1
Hollywood Homicide,113827,196,13,13223,,,-1,28,5
Carriers,63596,104,10,153620,467,33,4689888,24605,1028
Monkeybone,155128,532,34,27194,93,7,-1,106,14
Flight of the Phoenix,175257,220,21,109912,144,12,1409767,5709,452
Unbreakable,5408258,11473,490,21825605,229118,6696,-1,,
Minions,29112249,75692,4443,30201783,47148,5593,23263831,53823,6482
Sucker Punch,1366489,6612,271,926305,3396,157,197722,631,30
The Angry Birds Movie,36417655,119066,15890,3850198,9459,596,-1,11528,3493
Fool's Gold,634403,936,36,126964,159,7,-1,74,14
Funny People,2506094,3135,275,50879,55,5,-1,311,136
The Kingdom,578658,710,104,1607170,18632,402,-1,233,46
Talladega Nights: The Ballad of Ricky Bobby,378302,,,58956,129,7,16329,69,3
Dr. Dolittle 2,131535,229,19,-1,53,5,-1,375,91
Jarhead,2273088,7491,252,609706,1988,62,6365892,39900,1627
The Simpsons Movie,103716,339,20,228593,1277,63,-1,3925,1952
The Majestic,118250,468,24,33286,62,2,-1,46,13
Driven,180845,440,31,211337,210,24,3108,57,10
Deux frères,6352,14,0,118608,317,16,-1,176,27
The Village,460207,1001,69,-1,-1,-1,513026,,
Signs,533299,1452,72,1082890,8397,369,-1,,
Shrek 2,2732461,2045,316,175897,259,37,-1,5996,1828
Cars,4036460,4408,931,3032275,4433,737,-1,,
xXx,742330,494,123,16528259,44165,4100,-1,1387,674
The SpongeBob Movie: Sponge Out of Water,6826041,31240,2182,3834134,10479,1298,-1,14713,4046
Inglourious Basterds,950204,2443,112,2862126,8510,479,-1,754,132
S.W.A.T.,108502,320,22,120157,536,16,-1,543,94
Vanilla Sky,1912095,4520,246,166235,,,-1,226,50
Lady in the Water,255843,976,88,63797,149,10,373321,349,68
AVP: Alien vs. Predator,1049118,2546,129,730307,1626,76,167190,502,47
Alvin and the Chipmunks: The Squeakquel,5792616,6594,1271,369086,791,66,-1,3958,1499
We Were Soldiers,224306,573,26,603956,922,81,-1,1333,218
Olympus Has Fallen,4356038,9929,730,2262511,11572,837,-1,1268,309
Battle: Los Angeles,1102577,3562,184,1452369,3099,166,257978,752,37
Big Fish,2526271,,,173851,193,27,-1,469,77
War Horse,841587,3320,98,740470,1305,64,187181,582,19
The Monuments Men,324038,1259,160,209377,1678,49,122742,329,25
Wall Street: Money Never Sleeps,351577,807,32,1391421,931,99,58373,102,17
Dracula Untold,13434569,47386,3156,535222,3078,102,416404,568,26
Stardust,2239762,,,146710,543,36,78467,196,6
The Dilemma,3726681,2911,232,233459,285,21,34529,56,5
Bad Company,58230,640,10,19256,239,3,-1,,
Doom,772406,3145,64729,3164676,36486,721,-1,209,79
I Spy,175053,,,21357,41,5,9898725,26124,1077
Underworld: Awakening,4196191,8838,280,248501,787,30,414767,872,72
Rock of Ages,362607,1386,81,3076746,5302,3771,1158476,1835,221
Hart's War,177803,314,16,746787,3286,110,-1,40,15
Killer Elite,1466490,2367,108,3995053,4057,196,123321,,
Rollerball,339715,817,43,64261,120,24,34972,57,21
Ballistic: Ecks vs. Sever,226843,159,189,33097,57,21,-1,23,7
Osmosis Jones,155129,936,26,1061347,2020,148,256302,1795,169
Legends of Oz: Dorothy's Return,212345,377,116,75506,190,26,-1,204,53
Blackhat,3172766,4149,442,4186978,1415,263,1367952,674,128
Sky Captain and the World of Tomorrow,7208,49,4,319226,,,692091,508,61
Basic Instinct 2,196937,166,38,183915,82,15,2849146,2075,892
Escape Plan,7246772,14081,733,13469802,42349,2502,58446,302,27
The Legend of Hercules,11201120,27112,3590,913557,1706,652,7418624,11077,845
The Sum of All Fears,400078,486,54,112544,,,-1,156,34
The Twilight Saga: Eclipse,165589,851,22,22201871,36503,4598,-1,3917,623
The Score,306017,392,25,740658,528,34,-1,107,28
Despicable Me,17164525,15466,4873,5445280,,,29112249,75692,4443
Ted 2,31093568,137847,7518,1122351,3595,260,-1,4021,770
Agora,579504,,,427885,511,25,-1,96,13
Hall Pass,255520,316,27,74181,58,8,-1,537,90
The Finest Hours,8199760,9358,605,1331371,1425,140,546472,835,38
Body of Lies,178457,361,25,660728,1220,77,3647,5,0
Dinner for Schmucks,2843550,4542,288,14071,20,4,-1,148,55
Abraham Lincoln: Vampire Hunter,2587855,6084,494,718371,1756,131,-1,,
The Last Legion,250446,327,41,3149,,,5816621,7486,676
Need for Speed,2536862,11845,717,495567,8133,144,-1,,
What Women Want,1039721,,,7900836,36996,13715,31505,122,4
Ice Age,3089711,2641,453,-1,414,101,-1,6354,1927
Dreamcatcher,845933,1162,121,43473,84,11,246116,324,54
Lincoln,3480439,8634,499,104989,414,16,1269252,3291,155
The Santa Clause 2,141382,226,24,83462,126,11,-1,,
Les Misérables,3604663,15806,376,7705466,22058,842,-1,2396,260
Step Brothers,94822,240,14,1299173,2459,120,88052,,
Due Date,3976431,6481,227,131012,277,7,50256,103,5
Unbroken,9638128,35417,1202,92304,464,22,-1,1748,221
Space Cowboys,241113,304,41,3827,8,0,235956,626,27
The Kid,703013,9438,312,997707,7448,327,610073,6127,188
World Trade Center,355748,1055,46,6027615,30796,1947,-1,1089,133
Mona Lisa Smile,1133579,13012,99,161652,193,10,209699,1527,29
The Dictator,20447389,51959,3382,1505522,3917,165,12975159,58738,7088
Annie,758071,1777,147,2965509,9326,1149,-1,9524,1683
Focus,25185443,53171,3389,2797716,4204,366,-1,1013,254
This Means War,2841906,7001,289,35646,85,8,-1,526,123
Blade: Trinity,183423,588,43,8760,29,2,-1,508,116
Resident Evil: Retribution,6043109,20170,1318,11244298,42548,3289,4529242,11234,1584
Death Race,1348915,2435,113,1915471,6330,677,87664,293,42
Proof of Life,153584,237,32,12769,12,2,-1,50,13
Zathura: A Space Adventure,2532160,,,95518,212,20,-1,746,123
We Are Marshall,262740,775,19,356750,951,26,-1,239,71
Lucky Numbers,31074,40,3,29664,,,-1,15,2
I, Frankenstein,2322447,2586,563,220846,,,85917,500,14
Oliver Twist,406847,778,57,217217,589,43,-1,125,20
Elektra,904598,1323,125,180055,565,39,66378,486,35
Sin City: A Dame to Kill For,434977,789,34,5692840,19408,698,-1,167,61
Everest,6141794,15427,776,4933005,12141,481,1124446,2249,177
Perfume: The Story of a Murderer,204008,1360,42,2040709,,,-1,853,163
Austin Powers in Goldmember,-1,474,32,2100,18,0,-1,525,193
Astro Boy,679558,1287,115,72424,213,20,77115,130,17
天將雄師,25493,33,2,97976,54,21,1670,1,0
Little Man,3651264,,,3933163,12581,1694,-1,4619,904
U-571,327875,267,28,837048,536,152,-1,,
The Love Guru,1420296,2199,436,160366,,,-1,199,82
3000 Miles to Graceland,54230,185,10,9900,47,7,24285,21,1
The Hateful Eight,4751682,19922,744,2065681,4505,223,231086,637,21
Blades of Glory,520985,,,12516,18,7,9210,13,4
Hop,595418,927,116,1169102,,,479723,947,117
300,4157830,14090,748,32128545,99501,4533,85026,299,19
Meet the Fockers,239080,,,151363,302,29,-1,300,114
Marley & Me,-1,-1,-1,1323749,32095,375,833372,32210,492
Wild Hogs,1481150,1953,107,12629,31,1,198796,,
Chicken Little,183543,383,48,232705,,,134907,233,31
Gone Girl,3308611,5240,159,520330,1731,71,-1,1458,501
The Bourne Identity,1134179,1674,106,40905,71,7,890803,2648,399
Daddy Day Care,614220,885,68,82009,90,22,-1,867,168
2 Guns,1187920,2466,99,420564,805,41,21817,,
Cats & Dogs,88414410,354908,69806,92308807,272607,107664,-1,1748,490
The Italian Job,2077239,,,21443,107,5,-1,282,77
Two Weeks Notice,2782797,8404,174,-1,60,20,-1,145,23
Couples Retreat,2199929,6710,214,90162,94,12,150138,,
Cheaper by the Dozen 2,452705,902,45,220431,,,58224,115,7
Maze Runner: The Scorch Trials,14167286,55472,1325,11916550,75518,1410,2110,14,1
Eat Pray Love,5368103,9510,542,745006,903,56,-1,679,60
The Family Man,296845,635,27,5059458,23061,1139,-1,369,69
RED,14177560,208059,2499,904322,1706,110,3573044,7254,385
Collateral,462980,510,26,463690,2435,189,-1,319,44
The Scorpion King,547099,668,55,1565012,606,775,-1,425,137
Ladder 49,206659,374,12,475450,675,25,82047,127,14
Jack Reacher,1550690,3718,189,11203357,39650,1203,-1,1239,218
Michael Jackson's This Is It,2409472,15662,310,2912575,9374,1219,-1,4697,230
Contagion,8833102,13271,1153,39494,115,6,27251,159,18
Kangaroo Jack,298482,567,64,434628,2036,103,-1,334,110
Coraline,251845,954,40,463845,685,34,655417,38162,574
The Happening,855315,2188,168,2191042,3211,380,4638830,66773,747
Man on Fire,745718,,,207274,611,25,84790,81,12
The Shaggy Dog,270754,764,86,116056,,,-1,,
Starsky & Hutch,16512117,112690,1823,1021804,11074,218,815927,9089,336
Hellboy,8443587,125560,9559,9563072,94755,36176,-1,611,99
ParaNorman,3324050,7502,504,129978,191,17,-1,1699,421
Paycheck,174734,,,318172,,,375775,260,28
The Tale of Despereaux,311816,,,119546,294,10,67198,357,28
The Tuxedo,343783,,,15601,44,4,-1,195,63
Jack Ryan: Shadow Recruit,4546685,6957,474,16815389,15487,1351,-1,383,141
Joy,8489880,19528,1465,9238935,19811,2595,288460,2904,149
London Has Fallen,13746737,37574,3321,415384,2321,109,1386852,6323,832
Shooter,836069,,,1701130,2444,3137,-1,845,266
The Boxtrolls,3121329,5391,476,360116,2771,133,-1,1705,602
The Lego Movie,32762388,108176,7010,11732950,61288,2333,5363535,56918,2108
Miss Congeniality 2: Armed and Fabulous,560680,1332,59,31801,69,6,-1,220,75
Reign of Fire,1648819,1635,109,66192,114,21,-1,,
Gangster Squad,1013126,2024,61,874436,4523,89,489034,1420,43
Year One,944493,1621,124,82281,72,15,29500,36,4
Invictus,1767100,3127,124,74915,,,-1,221,24
State of Play,291814,323,37,57934,54,9,-1,94,10
Duplicity,113468,182,18,14901,15,0,246917,514,32
The Sentinel,469651,434,41,66216,417,10,16469,,
Planet 51,709998,1315,153,787200,1075,109,17293,85,5
Star Trek: Nemesis,173064,311,18,22867,52,2,-1,104,19
Intolerable Cruelty,255487,358,30,36838,,,-1,,
Trouble with the Curve,1863502,4719,91,10509190,30752,2017,-1,235,44
Edge of Darkness,1590510,1401,98,93230,173,5,-1,63,27
Analyze That,206245,400,19,210565,691,17,-1,61,24
Righteous Kill,234358,,,33091,32,4,135624,129,6
The Soloist,368214,,,68070,173,8,5639,9,2
The Legend of Bagger Vance,235796,,,303311,228,9,-1,147,24
Almost Famous,701841,,,12760,141,5,2372053,12212,306
Garfield: A Tail of Two Kitties,211178,414,41,141182,119,20,-1,459,217
xXx: State of the Union,107746,382,35,19757,26,7,-1,321,66
Priest,2835865,4270,409,531719,,,-1,264,34
Sinbad: Legend of the Seven Seas,574741,,,8065,23,0,16603,23,0
Dragonfly,61615,181,12,917258,1358,82,929239,1571,117
The Black Dahlia,122422,426,16,414551,1266,54,-1,156,48
Flyboys,663127,1639,68,154977,184,14,-1,95,11
The Last Castle,580209,,,156772,357,25,-1,180,50
Supernova,298128,282,110,1031123,4594,228,-1,23,8
Winter's Tale,4657250,9924,437,657280,1906,71,769511,917,41
The Mortal Instruments: City of Bones,7836688,46271,1203,6637471,30333,1066,313503,,
Meet Dave,170433,375,30,2935,9,0,18654,81,12
Dark Water,692828,1462,88,98512,254,13,-1,,
Inkheart,358058,1229,61,66620,262,12,273857,271,19
The Spirit,404646,540,98,463109,730,140,39403,87,20
Mortdecai,4726792,10429,572,4336161,14455,516,647643,2610,131
In the Name of the King: A Dungeon Siege Tale,374306,358,155,14231,55,5,1465440,1288,685
Beyond Borders,467061,634,37,67535,177,12,-1,39,6
西游记之孙悟空三打白骨精,183949,161,38,45092,35,3,-1,134,33
The Great Raid,188841,206,16,54726,135,8,56525,,
Deadpool,19033652,135700,2576,42877769,563993,13598,-1,20091,2471
American Sniper,16056348,44931,4383,4527437,14202,660,-1,6282,1092
Goosebumps,16837235,47331,4021,6157255,32106,2318,2812937,12526,522
Just Like Heaven,233869,,,153578,355,10,-1,196,32
The Flintstones in Viva Rock Vegas,249878,672,67,26355,31,3,-1,191,45
Leatherheads,57568,133,8,26536,,,1638412,8976,493
The Ridiculous 6,8570233,18117,6663,6870443,78425,2233,501426,697,85
Did You Hear About the Morgans?,650374,1456,58,274866,289,26,-1,73,8
The Internship,5371174,12157,645,648734,1884,80,1409647,12681,117
Resident Evil: Afterlife,21164957,31021,3365,505255,937,64,33330,229,10
Red Tails,9801892,27527,2159,227204,960,37,340919,726,45
That's My Boy,147964,673,28,91172,228,16,83897,2325,502
After the Sunset,676821,511,52,2837,,,-1,34,8
Ghost Rider: Spirit of Vengeance,1181995,4084,208,1054196,2913,156,-1,2274,293
Captain Corelli's Mandolin,131831,382,26,4845,58,0,-1,34,11
The Pacifier,1522839,,,54529,98,6,660651,2660,260
Walking Tall,518486,821,43,57285,76,6,-1,368,85
Alvin and the Chipmunks,363747,731,77,295138,376,56,-1,7553,2688
Meet the Parents,547740,,,10540,19,0,5310,,
Hitch,1061749,,,59954,250,11,723115,4265,143
American Wedding,149623,269,12,20503,47,4,-1,237,62
Captain Phillips,1980492,6540,299,1308203,973,70,3612485,13842,847
Date Night,4634239,4451,198,7935028,317739,6525,5801,6,0
The Equalizer,10783258,17459,689,9294728,35800,1258,-1,3375,594
Maid in Manhattan,901618,,,1240827,1609,77,-1,383,69
The Pursuit of Happyness,2761964,12255,252,212182,2071,30,88900,2707,341
Flightplan,1441933,2698,137,24942,103,9,-1,,
Kill Bill: Vol. 1,1551838,4502,211,549169,1530,84,-1,1280,331
Kill Bill: Vol. 2,549169,1530,84,2522183,14089,671,-1,642,140
Shanghai Noon,61657,175,7,26787,56,3,25834,32,2
Mr. Popper's Penguins,575633,1440,82,316213,381,56,-1,642,136
The Forbidden Kingdom,261145,517,36,198826,,,-1,739,140
Free Birds,2294892,5717,469,361313,1148,132,-1,872,255
Paddington,4628595,8374,978,2591859,4912,607,2088556,3654,243
The Watch,897239,1765,93,67938,173,21,-1,341,83
The Hunted,428807,533,29,113707,159,25,-1,173,50
Stuck on You,14496,61,1,27190,42,7,11831,66,3
Semi-Pro,55406,152,6,39492,131,13,-1,235,97
The Pirates! In an Adventure with Scientists!,155479,677,24,398889,1121,26,-1,284,72
Changeling,638961,1432,60,78039,191,3,-1,180,33
The Phantom of the Opera,394001,2955,65,1385176,3852,111,300669,7164,59
Elizabeth: The Golden Age,1924664,5285,225,384601,1395,89,-1,,
Æon Flux,946029,1364,119,14285,49,2,-1,180,30
Gods and Generals,210532,532,24,240349,801,18,-1,72,5
Imagine That,1215257,1161,72,74618,,,4198,11,3
Muppets Most Wanted,3715808,7731,683,2324939,6303,802,-1,,
Thunderbirds,129456,358,46,119354,251,15,-1,179,40
Burlesque,1098492,3272,100,4389213,6492,362,260707,599,12
Un long dimanche de fiançailles,134958,232,5,10095,43,1,1181,1,1
D-Tox,112252,188,12,7318,46,6,144449,89,13
Blade II,1231483,2347,156,82650,107,8,-1,374,115
Seven Pounds,1247717,4205,136,244097,381,30,219480,368,8
Bullet to the Head,570555,1407,206,3948741,7621,470,-1,104,49
Elizabethtown,711867,,,61149,153,5,304336,747,29
You, Me and Dupree,203784,,,40816,40,28,227958,548,21
Gigli,713133,600,340,191606,135,59,3026936,15982,970
All the King's Men,92701,,,-1,25,5,5197,21,1
Shaft,9582688,70281,2049,871430,15741,419,-1,255,46
Moulin Rouge!,73553,437,6,213705,468,35,135093,358,119
Domestic Disturbance,107088,,,33899,81,8,-1,48,8
Black Mass,11792845,39267,1027,4315657,9489,834,1972752,8759,178
Flags of Our Fathers,383615,665,21,102937,,,556976,1390,266
Law Abiding Citizen,4452633,9138,322,325884,437,39,8705,27,1
Grindhouse,508425,775,70,16575,233,3,-1,463,84
Lucky You,107381,137,9,133156,271,46,89788,145,20
Catch Me If You Can,1240819,5347,169,3943166,60941,1841,-1,1184,237
Zero Dark Thirty,2045141,2454,205,834486,1652,150,85280,833,158
The Break-Up,525733,725,39,957431,22742,1096,36721,102,11
Mamma Mia!,530262,2104,100,2279598,4255,111,-1,2201,492
Valentine's Day,1427922,6121,134,20946,33,2,-1,528,195
The Dukes of Hazzard,250302,864,41,20399,90,1,3482298,16871,507
The Change-Up,840394,3033,93,2991529,5086,247,333416,629,81
From Paris with Love,303910,553,37,495487,439,208,66397,117,8
Bulletproof Monk,92734,153,9,8245,23,3,493,2,0
Me, Myself & Irene,391612103,3005114,91300,125024797,844194,18409,6619184,61670,2118
Barnyard,216859,428,55,71881,91,9,-1,1233,330
Deck the Halls,337533,523,53,27076,41,3,30325,,
The Twilight Saga: New Moon,6917107,13262,737,41716709,203225,33960,15483024,46306,3071
Shrek,4150887,3710,837,285576,430,33,-1,11516,3863
The Adjustment Bureau,5998203,10177,419,1254616,3060,119,39131,173,23
Ted,21740075,44582,2622,31093575,137847,7518,285836,1895,115
Anchorman 2: The Legend Continues,284994,962,55,6545852,14950,1593,-1,438,176
Mr. Deeds,843354,,,418650,242,28,-1,266,79
Super 8,665725,2110,100,9758940,9550,833,65959,111,9
Erin Brockovich,122405,232,15,18040,,,117765,113,22
How to Lose a Guy in 10 Days,1536373,4553,115,1710221,,,769139,1379,68
22 Jump Street,6415593,56560,2286,8614779,27000,974,3806050,30770,729
Yes Man,-1,5456,254,28604,78,5,-1,470,96
Central Intelligence,4948007,23630,554,14528999,71769,2346,255733,2260,86
Daddy's Home,6633105,20845,751,11480562,58165,3259,5667771,11886,558
Into the Woods,12418865,38027,2282,-1,,,6343903,22482,770
Inside Man,1002103,1945,117,319140,340,20,124332,461,30
We Bought a Zoo,600380,2520,58,37194,113,4,257376,1687,89
Knowing,2996244,5558,353,210327,765,28,918890,1530,119
Failure to Launch,130649,1028,19,1388137,1455,120,20920,26,18
The Ring Two,486694,,,728317,2644,221,1400177,5757,276
Crazy, Stupid, Love.,5467043,14782,411,46788,424,13,-1,1430,232
Garfield,357642,581,81,211178,414,41,-1,2167,560
Christmas with the Kranks,86729,448,26,727285,759,100,49384,,
Moneyball,2441813,3740,176,129517,179,9,-1,697,91
Non-Stop,10591194,27030,976,2965458,2495,212,32669,172,4
Race to Witch Mountain,566718,1413,54,1189410,1976,84,22417,77,3
V for Vendetta,514359,2532,74,4934993,14535,788,1882120,4497,144
Shanghai Knights,331501,,,13259,26,1,-1,,
Curious George,228921,611,81,-1,-1,-1,176757,169,46
Herbie Fully Loaded,461848,985,78,14838,33,4,-1,,
Don't Say a Word,135622,224,20,478056,502,21,44069,110,40
Hansel & Gretel: Witch Hunters,4846542,6915,1763,794211,1494,42,-1,1293,367
Unfaithful,3446171,2511,334,43511,30,6,106199370,47064,29046
I Am Number Four,2076709,9179,266,142661,487,31,3588637,19599,1656
Syriana,297167,455,43,40298,30,3,-1,76,25
13 Hours: The Secret Soldiers of Benghazi,6240999,14249,1128,1210436,3618,317,384430,1806,265
The Book of Life,1577670,6387,312,1201897,3927,221,-1,6829,1536
Firewall,257468,270,26,417303,223,27,-1,21,8
Silent Hill,1856934,6964,279,6433503,18971,997,10669,61,7
The Replacements,152780,363,13,34762,83,0,598218,2751,69
American Reunion,3880082,7750,254,797764,2064,68,250417,571,27
Into the Storm,5344709,12179,736,4035430,8217,945,-1,2819,377
The Judge,6072797,22939,657,653274,2095,59,384999,524,31
Resident Evil: Apocalypse,136845,840,37,862684,2956,160,651822,1999,51
Bridget Jones: The Edge of Reason,77905,189,7,42331,,,-1,165,39
Out of Time,327514,230,22,159701,178,9,444106,1020,49
The Adventures of Sharkboy and Lavagirl,3287114,,,97453618,231774,38205,15629381,40857,4259
The Beach,375315,1113,36,1681800,2274,162,-1,227,73
Raising Helen,-1,3057,53,4902,6,0,-1,,
Ninja Assassin,4041681,6473,346,108097,260,9,-1,1511,281
Marmaduke,97821,264,23,154369,408,125,687404,403,278
Hereafter,336442,615,26,5790809,12062,1445,-1,115,21
Murder by Numbers,48746,172,0,525547,550,30,15895,60,2
Hannibal Rising,597769,1122,63,387657,3335,247,-1,233,61
The Host,5389422,20101,1086,392870,1091,137,-1,615,173
Basic,266061,153,25,10437,26,0,38582,44,14
Blood Work,71810,90,6,25799,54,6,-1,20,12
The International,279531,355,25,90018,137,7,743178,384,59
The Life Aquatic with Steve Zissou,690390,1660,86,2745,12,1,-1,,
Free State of Jones,5590582,7176,579,64878,84,7,372689,3370,119
The Life of David Gale,1187856,1203,65,314707,424,31,169705,322,33
Man of the House,158804,310,19,37886,118,11,-1,69,7
Run All Night,8214607,14174,705,963086,4330,99,-1,227,43
Eastern Promises,1091539,1191,65,25955,44,1,-1,144,32
Into the Blue,3524939,6308,357,104079,,,-1,4300,461
Your Highness,5524385,8558,472,165497,307,28,75999,105,6
Dream House,4040735,3695,370,143465,161,17,8685,19,2
Fair Game,513436,418,67,10664,18,0,115944,173,12
Domino,286211,470,23,1045537,1237,106,76779,54,70
Gamer,2520024,4311,256,75236,,,-1,246,89
Beautiful Creatures,2220337,9475,347,5012616,15634,965,46036,104,10
Death to Smoochy,109665,,,177889,,,12325,10,0
Zoolander 2,21892924,83455,5349,9080728,44781,3873,-1,395,95
The Big Bounce,149294,133,16,-1,31,4,6754,12,2
What Planet Are You From?,80530,134,12,5712,,,-1,23,10
Drive Angry,482464,754,138,434660,232,98,-1,246,77
Street Fighter: The Legend of Chun-Li,45726,65,13,6495,,,-1,63,30
The One,838888,673,47,14934,13,3,2404,118,10
The Boat That Rocked,734815,1980,51,28617,62,0,12310,45,5
Traffic,159006,218,18,135996,251,30,-1,127,37
Anna Karenina,1314325,7015,231,263156,413,27,-1,177,46
Chappie,12808056,37205,2060,9336410,29155,1115,2176314,7871,333
Panic Room,118950,612,31,14467984,83307,1969,-1,257,72
The Tooth Fairy,2927018,4402,586,177192,357,53,32478,36,5
Child 44,5380518,12644,856,973079,2780,115,86468,177,12
Rat Race,119192,307,22,171225,237,27,1160885,8780,278
K-PAX,314390,636,30,177708,506,31,14541,30,4
Kate & Leopold,-1,-1,-1,-1,-1,-1,857,21,4
Bedazzled,788594,1457,86,10847,43,6,-1,164,70
3:10 to Yuma,436110,831,44,40855,,,8532,29,1
Taken 3,16087922,54857,1802,6792070,19501,553,1905607,3255,180
Riding in Cars with Boys,255761,,,113637,459,66,-1,199,28
Happily N'Ever After,197266,374,61,41824,84,15,-1,1653,145
America's Sweethearts,401596,3036,37,550949,389,47,47487,112,18
Insomnia,186592,642,19,49008,99,3,-1,77,14
Jonah Hex,4688395,5249,433,212770,392,77,4397123,24914,1771
The Infiltrator,4089233,10810,366,245147,280,18,100965,560,104
Taken 2,1345909,5240,174,637577,1261,63,278939,1127,31
Scary Movie 3,2222927,2873,165,180895,,,90155565,223500,36830
Miss Congeniality,1694380,7104,132,339759,2106,34,-1,413,141
Journey to the Center of the Earth,607960,1492,94,438820,690,84,-1,721,167
The Princess Diaries 2: Royal Engagement,927269,4886,297,46885,290,8,-1,,
The Bucket List,1721444,3721,129,154255,438,14,-1,249,84
Monster-in-Law,1059961,6082,106,569333,1109,53,-1,518,98
Prisoners,9744476,22966,820,1296775,4404,137,410542,7891,164
Training Day,1196083,2909,148,18116,71,2,-1,1705,425
Scary Movie 2,836674,1438,69,323179,,,12493978,44045,4506
The Muppets,3981278,9278,500,68490,55,18,-1,,
Coach Carter,1664037,,,2269421,10205,220,-1,1349,218
Changing Lanes,213591,225,22,187884,,,-1,41,7
Coyote Ugly,681599,,,171837,120,18,47286,51,6
Love Actually,1145377,,,181857,328,20,5081852,33599,736
From Hell,697753,1338,81,164039,935,59,-1,131,7
Kicking & Screaming,175051,1014,26,34455944,171873,5243,2201312,12819,421
The Hitchhiker's Guide to the Galaxy,689972,1856,136,2210003,7468,216,-1,,
Fat Albert,662344,1677,132,11656,18,2,-1,1451,461
Resident Evil: Extinction,105715,584,27,10540,97,3,20660,500,166
Blended,11174210,34677,2483,1724775,2797,209,-1,1428,329
Last Holiday,57911,405,4,640682,979,58,655699,2944,88
Savages,1018368,2317,139,440708,895,71,7539,14,5
Cellular,466302,817,51,157754,295,13,5185,21,2
Johnny English,15335363,274168,4443,651826,,,843150,2186,79
The Ant Bully,432114,376,70,104947,246,31,-1,692,226
Across the Universe,241242,2715,63,234497,696,17,299761,593,98
Revolutionary Road,2368367,,,952670,4906,90,-1,309,44
16 Blocks,308979,478,50,61317,72,6,20492,29,4
Babylon A.D.,633725,861,89,13785,36,2,60499,,
Aliens in the Attic,270603,559,202,3892,22,0,45312,97,37
The Pledge,171385,396,92,481312,563,42,-1,13,2
The Producers,147265,,,132661,283,11,405993,1765,52
All the Pretty Horses,336317,325,36,39214,48,3,32453,,
The Ghost Writer,186870,268,24,18023,20,1,-1,31,8
Miracle at St. Anna,264758,,,6614,11,1,1129778,3907,618
滿城盡帶黃金甲,9050,4,1,21230,17,0,4589,162,22
Bangkok Dangerous,21297,30,5,200273,,,21521,19,2
Big Trouble,96041,81,8,4000,43,4,-1,,
Love in the Time of Cholera,219230,542,24,149399,283,20,-1,216,47
Johnny English Reborn,843150,2186,79,2816775,7529,204,15335363,274168,4443
Foodfight!,318632,2061,571,835905,2110,8747,315387,4205,157
Argo,1697698,3653,413,122389,360,26,-1,409,89
The Bounty Hunter,1326181,2513,484,43361,73,3,-1,363,53
Underworld: Evolution,1110347,1351,74,36085,160,8,4196195,8838,280
Victor Frankenstein,9705763,31699,1862,1158661,5711,201,-1,205,32
Finding Forrester,296827,,,243096,847,26,12598,165,33
28 Days,263638,483,23,1993971,3333,229,-1,106,25
Unleashed,2762384,17205,1478,242611,651,26,339151,1478,384
The Sweetest Thing,1312307,,,37013,39,1,-1,169,48
Charlie St. Cloud,9872329,37995,922,724180,5566,79,667994,6145,96
The Mechanic,9155516,8764,438,10069042,33062,1216,-1,376,83
21 Jump Street,2677209,10852,671,345142,,,-1,2124,604
Chicken Run,1728705,1922,186,277041,471,50,-1,1102,378
Along Came Polly,588182,919,85,15803,12,6,-1,,
The Heat,2197865,5284,300,525212,1963,88,3117455,9737,362
Here Comes the Boom,4805148,9235,483,151753,125,56,58425,1252,341
High Crimes,260006,,,14631,17,2,22278,14,1
The Mothman Prophecies,413047,1011,73,101839,179,7,-1,229,64
Brüno,855946,2471,169,203592,429,46,262912,578,87
Red Riding Hood,11273477,18611,3618,430420,928,77,-1,960,121
15 Minutes,264554,197,23,56952,852,14,-1,19,22
Lord of War,579201,1398,63,327303,751,24,2517072,18469,522
英雄,201472,534,30,18968,16,0,187,1,0
One for the Money,2829718,1178,71,94996,212,13,101656,55,24
The Interview,7749572,18250,1562,3986163,14273,693,1218230,4531,219
The Warrior's Way,223981,408,43,45587,85,10,-1,150,46
Micmacs à tire-larigot,278077,598,17,128876,125,10,38330,43,3
8 Mile,6140983,36171,717,41842717,430603,9795,-1,16989,2745
Pourquoi j'ai pas mangé mon père,394098,666,54,110204,212,13,270,1,0
A Knight's Tale,1276710,2353,103,90213,582,12,391206,2607,68
The Medallion,415312,424,28,4249,11,3,38466,,
Man on a Ledge,3953126,3553,239,45237,223,16,47611,158,7
The Big Year,2190725,1996,202,7356,17,1,17083,38,4
American Hustle,8844036,11347,942,477134,1005,31,1250965,1314,144
The Proposal,2906438,6243,152,382570,591,31,1184363,3916,540
Lucy,6046382,23013,778,2642598,7576,1043,-1,3049,293
Fifty Shades of Grey,92240015,244728,36082,13931514,34043,3022,-1,7014,1332
Spy Kids 3-D: Game Over,674703,6273,265,111247,300,23,-1,1954,424
Cheaper by the Dozen,753923,990,54,297962,301,31,-1,635,144
Lone Survivor,17409631,40490,3304,3541843,7984,440,-1,3262,563
The Conjuring 2,25101262,80059,4352,26581906,85892,4386,-1,4402,851
The Social Network,11275942,30307,1426,1156955,3331,118,-1,919,135
He's Just Not That Into You,3211275,7303,211,-1,3005,150,-1,616,122
Scary Movie 4,89338,232,8,43273,153,12,373587,799,137
Scream 3,56650,264,14,645540,964,65,-1,323,42
Get Hard,12784394,31804,1742,4717407,12578,771,36941,165,7
Julie & Julia,3199014,70622,1823,-1,-1,-1,366630,5126,488
42,3163598,12353,333,296972,1252,22,319485,645,36
Dumb and Dumber To,30549708,82840,5578,2064363,2846,233,3715569,9232,545
Eight Below,1589012,6118,148,1087020,1911,48,215069,1050,43
The Intern,8708783,23095,1211,1401785,10949,142,5371175,12157,645
Ride Along 2,14790496,48387,1973,3506300,14482,814,-1,2387,281
Ray,498288,2038,45,-1,-1,-1,585041,6536,245
Sin City,942841,2127,130,353428,873,35,-1,474,136
Vantage Point,1121067,2165,127,118102,148,12,57938,,
I Love You, Man,25986,196,5,39167,91,9,-1,201,52
Shallow Hal,1437094,5273,320,86527,221,18,513433,1787,54
Big Momma's House 2,339218,371,38,754617,2782,187,12888080,36890,3161
The Mexican,73773,150,12,214313,,,45425,99,10
17 Again,3564009,19482,373,128791,330,7,3141101,14139,476
The Other Woman,14059802,76460,3064,3347816,6369,573,2698135,388,29
The Final Destination,499260,962,106,94939,654,37,-1,877,274
Bridge of Spies,6963607,14002,609,1191311,1462,105,1360029,6228,422
Behind Enemy Lines,170377,535,62,25956,36,2,-1,301,65
Get Him to the Greek,4369212,5128,451,901833,2416,178,72373,136,21
Shall We Dance?,227868,437,26,22177,61,5,-1,224,43
The Count of Monte Cristo,1116469,,,67676,165,10,9106,24,0
The Lincoln Lawyer,3281299,983,44,27053,138,2,-1,281,47
Unknown,1335312,2262,145,572505,784,50,23762,27,5
The Prestige,1421263,,,319777,392,36,-1,,
Horrible Bosses 2,5054940,7428,425,725300,1934,45,1401974,5433,132
Escape from Planet Earth,564618,1092,115,17827,22,5,-1,582,241
Apocalypto,661907,1888,104,123626,252,16,5795255,13865,1316
Predators,223620,780,34,1343058,4047,181,-1,1414,317
Secret Window,1219213,,,38356,256,5,13353,52,5
The Lake House,383210,2170,44,1388987,2792,81,-1,541,87
The Skeleton Key,1066041,1793,115,287001,472,32,-1,343,49
The Odd Life of Timothy Green,2916429,33349,510,2653033,5380,455,1300126,3805,197
Made of Honor,797751,1197,35,16723,19,4,-1,200,25
Jersey Boys,1693579,4919,148,552221,1264,44,90105,210,8
Gothika,795505,2494,117,63809,91,13,43576,139,6
Aliens vs Predator: Requiem,749157,1150,140,180511,351,31,-1,1321,257
Autumn in New York,165714,387,8,37017,79,3,262491,668,28
Music and Lyrics,852205,2783,74,2912176,15975,493,-1,189,21
Paul,554014,,,195321,639,23,253881,1520,62
The Guilt Trip,747750,1058,148,78903,208,25,-1,90,29
Scream 4,158011,989,37,448360,1688,124,7142679,9489,863
Sex Tape,3399659,6670,645,9079846,22278,7083,816347,1798,257
Hanging Up,117069,395,14,910,2,0,-1,17,7
Final Destination 5,779856,1785,120,15036323,35342,4178,-1,1484,525
Pay It Forward,523931,1778,56,26184,101,9,131974,1095,54
Fever Pitch,595837,2301,70,71235,552,13,59738,192,12
Drillbit Taylor,1932578,2300,76,119795,,,15177646,75988,3882
A Million Ways to Die in the West,5821362,23711,1107,3444202,11042,519,132498,326,23
Extremely Loud & Incredibly Close,3100522,54503,1080,447805,1501,55,141418,2161,113
Morning Glory,5982652,7342,306,20125,33,1,1524276,5027,632
Get Rich or Die Tryin',1327282,3717,150,97652,,,-1,1686,433
The Art of War,94619,198,23,94619,198,23,331032,146,23
Rent,95721,590,11,262084,,,306181,4314,88
Bless the Child,96382,,,61165,71,4,67720,216,8
The Musketeer,68242,138,15,-1,-1,-1,1328838,4327,115
The Other Boleyn Girl,308282,950,39,32215,162,7,2452462,3228,324
Sweet November,461487,1278,43,182269,734,29,6109,25,1
The Reaping,100899,222,21,180883,255,31,51806,197,14
Colombiana,5086212,10229,1006,197886,337,55,493744,455,29
City By The Sea,18540,42,3,42871,72,5,8535903,23572,1260
Torque,327840,499,37,249969,324,36,17836,28,2
Marie Antoinette,906243,1974,84,76007,232,5,624941,5162,129
Get Carter,101241,364,14,-1,142,17,-1,37,14
Lo imposible,13900309,53551,1641,387832,778,43,16882,106,4
Fantastic Mr. Fox,6116008,15905,874,18500,111,1,539955,1091,44
Life or Something Like It,261907,538,27,6572,12,1,-1,24,6
Le fabuleux destin d'Amélie Poulain,1762259,6446,208,95075,254,10,580032,2880,123
New York Minute,1091594,7717,140,6398,60,2,-1,463,116
Alfie,725495,1267,50,53658,,,22423,24,1
Big Miracle,654132,1776,83,61006,283,5,-1,229,26
FearDotCom,178005,,,26882,475,11,4112,9,3
Cirque du Freak: The Vampire's Assistant,262309,1602,147,39530,121,8,142959,,
Duplex,183594,274,32,26522,,,-1,75,31
Soul Men,71773,108,17,443337,1815,47,272201,2768,56
Pandorum,81993,163,16,2995906,3361,327,318222,223,33
Impostor,10459,94,1,25990,99,10,9678,30,1
Extreme Ops,52765,86,10,5325,16,2,10746,21,0
Just Visiting,78667,150,26,138396,159,13,1199,1,1
Sunshine,157580,994,62,2166920,4154,417,3531890,5401,311
A Thousand Words,573182,2127,58,116702,,,-1,261,80
Delgo,323479,293,466,187968,71,144,-1,27,15
The Gunman,4572515,5512,506,507899,460,47,-1,97,45
Stormbreaker,149673,,,359812,553,49,85981,216,10
Disturbia,593172,,,73712,254,5,530760,1641,76
The Hunting Party,68502,104,18,3077,17,1,-1,17,9
投名狀,43856,31,1,15557,5,0,33509,14,1
Nomad,330263,4701,124,49527,350,19,54090,2944,46
Snowpiercer,4485206,14640,641,3437131,3237,346,-1,499,131
Un monstre à Paris,54059,212,10,179382,,,131867,177,19
The Last Shot,21950,34,5,2504,13,1,-1,,
Baahubali: The Beginning,21521519,65716,7324,11227857,40667,2906,102625408,594005,50997
The Time Traveler's Wife,3103533,17509,272,53026,94,11,24322,116,8
Because I Said So,638558,1141,81,508313,,,542490,309,22
Frankenweenie,1757609,5652,238,187085,924,35,1380917,3996,583
Serenity,149164,340,31,647254,1065,73,324934,2557,157
Against the Ropes,45882,96,11,190713,,,-1,32,9
Grudge Match,4620191,15127,547,180793,980,27,-1,204,73
Chi bi,1130876,2024,105,17145,797,15,37583,34,1
Sweet Home Alabama,1312841,,,23730,43,6,70664846,359074,14296
The Ugly Truth,4103671,8159,302,1561329,4970,233,-1,416,75
Spy Kids 2: The Island of Lost Dreams,114517,236,34,54885,78,17,-1,2053,683
一代宗師,162296,377,14,1577776,4766,224,-1,543,81
Water for Elephants,819674,1247,41,578692,1701,33,209619,270,21
Dragon Nest: Warriors' Dawn,21695,204,8,1068040,965,75,-1,139,25
Enough,1574347,3920,203,213248,,,32966,322,11
Heartbreakers,290641,521,26,127748,130,7,6278,22,0
Paul Blart: Mall Cop 2,3211961,11665,1640,2232950,2894,417,297747,619,59
Angel Eyes,348710,613,31,892295,4100,111,399,,
Joe Somebody,1553,7,1,25874,94,7,-1,18,8
Rock Star,574374,2516,87,614837,5321,114,-1,362,65
Precious,1413039,14497,283,1342033,8823,342,-1,2394,626
Riddick,487922,1490,90,1385929,1745,131,765335,1980,127
Texas Rangers,2040057,22665,345,68916,70,10,37300,73,4
City of Ember,841529,1520,104,12511,41,3,2660520,2847,204
The Master,234815,1483,32,665876,1817,61,138516,466,10
Virgin Territory,119636,102,11,57395,77,16,-1,22,9
The Express,408137,743,22,87162,,,-1,218,37
The 5th Wave,16661526,54373,2876,8878541,44824,1752,3304938,26089,1515
Creed,24931623,121032,3417,17351246,144435,4493,-1,7827,642
The Town,4665735,15320,552,99435,292,15,2927639,3371,124
What to Expect When You're Expecting,308319,1053,24,654385,1335,56,929840,1054,218
Burn After Reading,660930,1363,67,59190,90,4,-1,65,27
Nim's Island,592479,915,41,34589,,,-1,83,54
Rush,2484644,7505,266,3722597,7867,258,246184,1229,33
Cop Out,727792,1860,107,154335,379,25,557,5,0
How to Be Single,9023572,38947,2005,332608,1005,38,304754,275,20
Dolphin Tale,691686,2151,104,476054,1137,64,-1,1303,310
Twilight,518474,1736,147,6917113,13262,737,-1,10347,2022
John Q,647862,1704,91,85885,127,7,49459,59,2
We're the Millers,16499699,38692,2009,163216,3293,58,-1,3518,1322
Obitaemyy Ostrov,197920,28,20,549884,1875,450,112769,72,2
Hot Tub Time Machine,216246,600,43,2804494,6705,435,-1,347,227
Dolphin Tale 2,544555,1837,159,301185,1362,87,691686,2151,104
Reindeer Games,92097,195,17,33544,61,9,653818,515,235
A Man Apart,1584593,1773,104,15802,155,6,-1,119,48
Aloha,10216812,22959,1623,793697,1480,183,-1,293,57
The Rite,3181135,3628,284,61261,143,12,121252,213,15
Isn't She Great,16624,51,3,5703,18,0,-1,8,1
Space Chimps,189264,189,40,43396,61,14,-1,348,130
Head of State,323273,,,75083,217,10,70005,224,9
The Hangover,2328974,6279,267,14389581,37549,1891,-1,1851,518
葉問3,518046,706,19,23251,36,1,175125,432,29
There Be Dragons,94918,129,61,11563,21,2,5183,25,0
The Blind Side,3323986,25670,324,1093688,3228,121,198872,439,18
Spy Kids,418478,991,93,114517,236,34,-1,2224,550
Horrible Bosses,1538779,3296,125,5054946,7428,425,-1,577,155
True Grit,5881661,9038,352,215185,,,92124,,
The Devil Wears Prada,1611590,2185,249,5953685,22967,612,-1,951,357
Identity Thief,4815033,12435,610,790718,608,43,118632,378,27
21,4163296,4649,283,16309,26,0,-1,402,90
Trainwreck,12782133,5025,984,101360,221,36,2551178,24675,528
Guess Who,121007,295,13,113271,,,-1,213,33
Sky High,306720,927,56,1327828,,,493863,1986,262
The Cell,142496,599,52,33617,70,10,-1,166,46
Secretariat,1889531,2898,121,4598551,12981,624,29438,57,4
TMNT,8493975,28422,3569,28477769,136862,11881,-1,3865,1609
Radio,331420,1104,52,4301408,66179,1062,31494,,
Friends with Benefits,4648301,40460,1321,5924506,6703,411,2008426,8789,268
Neighbors 2: Sorority Rising,10116625,47014,1443,1238391,5957,375,-1,2311,780
Saving Mr. Banks,5698870,16592,710,610255,1277,49,174666,1829,23
This Is 40,2135518,3105,308,49294,83,11,-1,123,48
Old Dogs,2042129,2505,287,59169,65,2,9338,38,3
Underworld: Rise of the Lycans,590376,749,43,19494,85,10,-1,548,139
License to Wed,250983,490,29,7383,21,0,9840,31,4
The Benchwarmers,494623,,,47080,120,140,-1,585,128
Must Love Dogs,290600,511,32,18654,30,0,-1,33,13
Resident Evil,241442,1245,55,11244327,42548,3289,-1,1246,278
The Ladykillers,412939,,,85092,200,8,2118,4,1
Max Payne,381328,1053,75,790793,1855,207,-1,119,35
In Time,14026340,20307,1038,114629,442,16,642225,5832,93
The Back-Up Plan,1072498,2297,78,300614,254,25,324,4,0
Something Borrowed,1981872,7002,159,568405,977,78,186469,393,4
Black Knight,662466,,,35703,136,8,-1,166,54
The Pianist,819586,3791,93,2452973,4826,265,-1,291,22
The Nativity Story,201801,731,33,4231,15,0,171907,291,20
House of Wax,210829,444,28,1585348,2391,181,-1,624,241
Closer,849295,4774,127,2443829,7049,379,-1,219,32
J. Edgar,1153785,2395,92,253773,1103,145,-1,76,20
Mirrors,7282210,13090,2141,9650,38,3,254055,1066,110
Queen of the Damned,181507,580,43,664974,1167,99,58703,341,15
Untraceable,580450,844,58,1967999,1406,157,2574,49,31
Jersey Girl,595419,2334,60,70977,109,3,25394,,
Alex Cross,341635,665,72,435423,402,467,-1,167,34
Heist,2653072,2474,231,120094,142,12,5622220,7909,375
Nanny McPhee and the Big Bang,906279,868,96,59405,97,9,88071,140,13
The X Files: I Want to Believe,201459,316,20,266403,544,59,19279,370,23
Ella Enchanted,440875,916,73,-1,192,19,95104,286,13
Concussion,18080133,23071,1924,199466,384,39,-1,553,85
Abduction,433880,5234,157,6853027,14224,866,-1,1233,171
Valiant,163664,484,23,61232,60,8,128206,,
Wonder Boys,535675,1068,36,24577,,,-1,58,10
Superhero Movie,15472405,77132,5058,929243,1571,117,-1,892,273
Broken City,196207,671,39,37780,66,4,364613,708,34
Cursed,85844,335,21,287941,545,41,81887,,
Premium Rush,4428582,11668,756,28962,84,2,15781,202,85
Hot Pursuit,10012149,38050,1497,2375520,4329,435,13403,17,4
The Four Feathers,117328,255,10,64442,280,16,-1,49,14
Parker,243153,550,32,249730,299,254,-1,317,75
Wimbledon,551887,2456,44,198725,417,42,-1,28,23
Furry Vengeance,135454,425,72,23272,30,34,77801,225,20
Bait,394649,815,67,759238,1887,281,-1,500,119
Lions for Lambs,183909,324,35,485228,480,60,32486,282,29
Walk Hard: The Dewey Cox Story,1561224,2198,188,72141,174,7,22508,83,13
The Shipping News,286993,300,15,33387,74,4,2522,7,1
American Outlaws,181872,311,23,8370,25,1,11370,,
The Young Victoria,277309,916,18,203349,,,68787,171,1
Whiteout,146292,211,34,100655,73,9,51533,38,14
The Tree of Life,1147442,4691,118,87378,183,17,8983,41,2
Sabotage,4075223,7071,519,183722,2066,64,336347,893,56
The Order,1783837,26892,2063,1061615,7127,641,81458,151,7
Punisher: War Zone,3212478,3747,1252,1505819,2597,172,5019,20,2
Zoom,266866,1205,63,514032,1553,131,6094,27,4
The Walk,5615511,19450,948,1548343,5953,220,-1,661,114
A Good Year,368944,589,21,3689,39,0,-1,91,12
Femme Fatale,125695,184,16,726427,379,54,-1,33,9
Biutiful,574603,1335,46,314798,508,16,-1,53,10
Bandidas,383777,717,53,1409,12,1,15923,20,1
Black Water Transit,9409,21,4,1561549,3224,257,12058,17,0
The Maze Runner,10660640,45933,1169,14167311,55473,1325,-1,6039,1100
Unfinished Business,3297769,3522,291,4040970,7574,367,137595,232,22
The Fountain,104939,563,16,110962,159,24,-1,330,31
Stolen,3847316,2889,1248,7263,22,1,4977479,49701,3148
崖の上のポニョ,156117,350,52,2609757,1015,317,1932071,10297,354
The Longest Ride,15329917,45327,1358,1905212,2788,74,5072818,19145,857
I Dreamed of Africa,84955,,,24534,35,1,21706,,
Playing for Keeps,1886007,2321,208,33764,98,8,4114,55,23
Mandela: Long Walk to Freedom,755544,4000,111,396629,2471,69,-1,103,14
Exit Wounds,260813,853,32,84468,110,27,17717,34,1
Big Momma's House,413332,836,86,-1,1119,227,62485,103,7
The House of Magic,2313076,6281,486,75653,,,165375,230,22
The Darkest Hour,5095632,12280,752,5371981,6956,992,-1,880,174
Step Up Revolution,3574583,4490,287,55685,257,6,13675099,132593,4318
Snakes on a Plane,503769,728,98,266884,1439,80,-1,1017,379
The Watcher,58815,139,6,348870,564,69,19044,,
The Punisher,627612,11415,157,3624589,101829,1594,3718894,56939,790
Goal!: The Dream Begins,265028,588,27,1837277,13995,517,-1,,
Safe,1857075,12824,563,5169718,2023,86,127185,307,15
Doomsday,2582460,2517,327,527715,686,89,2389510,21599,351
The Reader,25068,91,3,352676,517,25,15759,43,2
Wanderlust,3587458,3963,318,324782,2166,190,8980,29,4
Elf,169836,443,19,1158597,2078,128,1755654,,
Snow Dogs,173289,288,31,486695,,,-1,,
Nacho Libre,637842,1010,147,167680,394,31,10880,88,5
Bridesmaids,3792341,5010,379,775992,1384,80,275564,197,20
This Is the End,1018554,6355,152,1174367,5359,170,9827570,97895,3227
Men of Honor,212630,556,16,837652,2016,112,-1,510,98
Takers,409642,812,57,319566,,,181126,262,24
The Big Wedding,5688881,9468,466,618366,2026,107,88005,130,25
Big Mommas: Like Father, Like Son,754626,2782,187,35020,263,14,-1,1119,227
Source Code,7047789,4516,218,207428,397,48,4443736,17548,441
The Number 23,685726,1698,107,56219,161,12,51501,143,23
The Young and Prodigious T.S. Spivet,416966,4542,113,507468,2476,61,-1,7,1
Dreamer: Inspired By a True Story,154844,,,1748,2,0,-1,225,20
A History of Violence,470326,639,46,1680060,3613,211,-1,133,41
Transporter 2,685900,648,77,981037,696,57,364548,560,85
Laws of Attraction,202787,589,18,139774,61,3,832719,950,71
Repo Men,4202252,3883,758,27229,91,8,213711,1122,29
디워,3407,11,2,2978,8,2,604655,943,432
The Incredible Burt Wonderstone,1777890,4455,138,245498,680,21,152321,289,34
The Good German,24384,59,8,9143,22,3,13457,14,3
George and the Dragon,24770,65,9,396488,2681,173,1690,4,0
Going the Distance,231760,625,17,34042,283,7,81208,70,5
Criminal,11206682,27593,1080,501751,764,44,-1,201,40
Flight,338912,721,28,3271767,5502,1336,295541,,
The Grand Budapest Hotel,11475470,39973,1042,1983340,3048,473,56671,355,14
Hearts in Atlantis,72749,370,11,21769,156,4,7221,16,0
Frequency,290932,529,20,-1,-1,-1,29170,111,9
Vacation,4987097,10993,967,12120497,28298,3683,301901,811,33
Chicago,607024,1956,66,81538,201,7,1402759,3785,157
American Pie 2,1033174,1484,107,797769,2064,68,-1,404,204
The Vow,3957807,14416,331,312528,1027,17,165305,657,24
Extraordinary Measures,159085,120,9,2225,3,1,21219,,
Remember the Titans,1581957,2731,96,563476,3470,236,-1,,
The Butler,2095936,3307,322,1772549,3736,388,835620,3987,189
DodgeBall: A True Underdog Story,536022,796,62,4297,11,3,-1,650,289
The Princess Diaries,2474622,,,46887,290,8,-1,,
District 9,4490307,11776,523,1665291,3879,230,217653,211,14
The SpongeBob SquarePants Movie,7617958,,,134282,308,34,-1,23049,9710
Mystic River,697617,1529,85,10722,24,2,-1,158,33
Million Dollar Baby,1143187,2825,111,125239,219,9,67714,205,21
The Notebook,5186495,14957,407,2049078,6304,333,-1,2455,523
27 Dresses,1605090,3717,99,196221,,,-1,406,101
Hannah Montana: The Movie,458454,2516,63,409929,781,25,-1,,
Rugrats in Paris: The Movie,599754,,,66954,106,9,-1,916,350
Up in the Air,1575651,2341,93,322639,380,56,6552,32,1
About Schmidt,248811,457,28,4509,18,3,-1,37,11
Warm Bodies,15066864,76316,2360,1297939,5560,169,-1,2475,582
Looper,8074453,15352,631,1167889,2336,96,-1,-1,-1
Down to Earth,161922,,,79361,206,12,159276,462,13
Hope Springs,1423671,1847,133,221419,965,146,1477,5,2
Forgetting Sarah Marshall,2034420,5217,192,2079286,2344,147,-1,295,73
Four Brothers,974648,,,661236,3389,113,-1,876,141
Baby Mama,884916,1788,112,7822,,,-1,364,122
Bride Wars,361905,1021,37,17035,45,1,640100,2161,88
Without a Paddle,74918,561,24,17330,46,16,-1,181,72
13 Going on 30,479640,3771,52,270689,,,-1,621,102
Midnight in Paris,1052876,3472,102,53074,89,4,-1,227,27
The Nut Job,3050477,4283,804,748503,2234,270,3309879,14052,1079
Blow,3135566,7533,310,492392,694,181,-1,1609,335
Like Mike,6898267,24071,1335,4195,7,2,-1,1825,503
The Curse of the Were-Rabbit,1096160,,,562537,815,81,-1,1336,301
P.S. I Love You,3763297,8525,272,404772,1266,25,18326,50,1
Racing Stripes,449436,551,62,310606,601,55,81783,188,4
Atonement,1397210,6070,138,126857,357,11,94010,536,19
Letters to Juliet,3748170,13920,235,713819,9562,82,1453816,7649,172
The Three Stooges,5110694,10779,4463,388163,648,131,5668,56,2
Corpse Bride,864525,2860,107,530015,2368,57,-1,2372,577
Glory Road,376408,880,22,1003252,1228,32,51086,64,0
Sicario,5212681,12084,483,14457149,35407,1835,267948,396,65
Southpaw,20965394,69187,2367,762488,3931,70,-1,916,91
Drag Me to Hell,191273,887,43,4787038,8309,748,6770992,18890,2831
The Age of Adaline,7205641,26747,546,1414517,4529,96,-1,1149,128
Secondhand Lions,326514,1255,46,51820,74,3,-1,656,65
Step Up 3D,785388,1507,43,2058245,2370,115,-1,,
Blue Crush,163257,362,23,127789,132,7,-1,140,12
Stranger Than Fiction,614690,,,342071,652,19,-1,211,32
30 Days of Night,109565,638,28,45344,49,2,-1,336,62
The Cabin in the Woods,7836341,11544,813,31155,126,8,-1,1248,269
Meet the Spartans,835570,1605,265,1339167,1501,331,-1,281,224
Hanna,4442590,3300,171,1002241,4009,176,33435,219,7
Larry Crowne,270700,610,34,42698,48,3,184249,193,16
Carrie,4689927,24606,1028,355828,1936,65,42835,229,10
Take the Lead,120025,,,18575,58,0,-1,375,37
Gridiron Gang,2150792,5132,1286,88930,,,439993,3364,51
What's the Worst That Could Happen?,202429,394,26,8258,9,0,66622,30,5
9,2691627,11354,626,237650,1653,50,-1,1305,226
Side Effects,3062718,2947,287,154015,295,10,177805,462,36
The Prince & Me,-1,69,22,-1,-1,-1,137528,2108,36
Winnie the Pooh,12209660,206353,5490,1009761,10289,216,-1,,
Dumb and Dumberer: When Harry Met Lloyd,78647,78,34,192569,150,90,-1,274,133
Get on Up,796158,4298,99,190653,1567,28,227452,1200,19
My Super Ex-Girlfriend,136448,372,33,304340,478,89,-1,65,34
Deliver Us from Evil,819951,2345,125,136893,1222,21,183920,349,25
Sanctum,993700,1021,130,77021,103,9,43778,75,5
Little Black Book,107803,614,22,1825213,1227,85,-1,79,12
The Five-Year Engagement,1471633,4090,156,83185,38,2,-1,97,27
Mr. 3000,121683,,,33872,33,5,-1,,
The Next Three Days,281764,,,30468,41,2,69234,173,18
Ultraviolet,586104,1674,120,920119,4224,324,-1,164,32
Assault on Precinct 13,35242,195,3,55346,66,7,-1,,
Eight Legged Freaks,303076,942,63,381174,568,49,140032,645,43
Love & Other Drugs,81859140,1250242,33581,48008296,305132,9657,1614149,42929,1468
88 Minutes,611997,561,59,16315,,,-1,36,4
North Country,605713,758,51,21453,56,1,127323,469,15
The Whole Ten Yards,10501,,,221823,477,22,-1,52,14
Splice,2937688,22655,1755,4141939,9944,791,272243,349,46
Pride and Glory,117406,118,9,1697418,1258,79,19134,38,1
The Cave,252692,478,59,73800,142,27,-1,154,50
Alex & Emma,-1,-1,-1,-1,-1,-1,2387941,39349,1910
Wicker Park,898159,1203,67,5784,7,1,153995,912,26
Fright Night,4158456,6844,631,18339,114,2,136028,369,25
The New World,281042,1540,51,123090,109,8,-1,220,37
Dragonball Evolution,556141,982,5201,200892,784,2308,-1,796,1893
The Last Stand,3182896,5869,272,256610,955,28,-1,343,31
Godsend,65371,126,9,554,2,0,-1,26,7
Chasing Liberty,343208,2081,31,700997,1619,72,-1,105,42
Hoodwinked Too! Hood VS. Evil,38840,137,28,12588,35,10,-1,241,74
An Unfinished Life,144616,255,14,30103,95,4,3971,6,6
The Imaginarium of Doctor Parnassus,288491,911,37,137024,443,13,81633,,
Barney's Version,41122,47,7,14459,35,0,5639,12,0
Runner Runner,3452272,4536,391,441104,1050,93,-1,97,25
Antitrust,56394,117,4,7298,9,1,-1,165,11
Dead Man Down,5359492,5840,484,224429,496,37,-1,277,105
The Merchant of Venice,551999,860,38,26767,119,9,17636,90,6
The Good Thief,108114,99,6,267417,2858,40,691,5,0
Supercross,902909,1229,90,78956,160,10,-1,181,40
Miss Potter,67291,349,4,526178,712,25,2997,40,0
Wu Ji,207121,373,30,1997,1,0,89885,170,10
DOA: Dead or Alive,849756,1410,150,41199,525,54,-1,161,15
The Assassination of Jesse James by the Coward Robert Ford,832091,3222,72,84539,125,6,-1,214,40
辛亥革命,18677,34,8,94703,117,5,1484,3,0
Le petit Nicolas,196377,456,24,183961,229,21,-1,16,3
Wild Card,13515532,21119,978,85937,1987,46,144440,161,16
Machine Gun Preacher,4378718,7971,384,34291,69,3,-1,242,34
Konferenz der Tiere,118838,245,25,58658,53,9,16113,27,2
Goodbye Bafana,246121,212,14,15302,13,0,31992,33,3
United Passions,540974,530,2966,122254,106,711,-1,4,26
Grace of Monaco,1358714,3563,177,1374527,1994,167,-1,28,4
Савва. Сердце воина,674208,1447,215,304825,1063,206,29358,71,40
Ripley's Game,28721,39,2,7670,18,1,5341,29,2
Sausage Party,11683290,51263,6108,4168139,11183,845,-1,5910,1407
Pitch Perfect 2,2414130,8234,392,27084478,145283,4883,3251334,12188,397
Walk the Line,179939,526,20,198289,983,18,1327109,4894,168
Keeping the Faith,275300,276,14,127059,,,-1,,
Frost/Nixon,613816,811,43,25067,81,7,307817,915,30
Confessions of a Dangerous Mind,92315,204,19,681067,590,33,6377,14,1
Serving Sara,256223,199,20,33785,26,2,90538,208,14
The Boss,7747577,31130,1707,1062141,6172,1220,-1,659,124
Seed of Chucky,1632250,2331,440,9422272,38933,3488,-1,7022,2602
The Jacket,395011,465,23,118684,344,82,-1,80,19
Straight Outta Compton,7601113,27486,645,10569891,96251,2125,-1,12164,1038
Along Came a Spider,15452,70,10,474111,,,6704,90,1
Florence Foster Jenkins,1936577,6865,273,965201,1558,65,-1,105,25
Once Upon a Time in Mexico,171821,318,18,8650,23,0,906228,854,62
Role Models,181241,486,16,233694,390,20,8734,29,1
The Big Short,9026498,19730,958,1380473,4286,203,-1,1471,188
Taking Woodstock,802584,1901,50,53057,275,2,81852,163,3
Miracle,557944,,,3328232,34469,470,-1,,
Dawn of the Dead,1057338,2205,143,365160,1211,51,-1,884,309
The Wedding Planner,986325,6908,108,999657,5195,160,-1,339,44
キャプテンハーロック,32437,118,1,259497,496,24,73261,491,92
The Royal Tenenbaums,176383,1101,23,2637,19,0,1445367,2132,85
Identity,254761,891,42,1694989,,,4815035,12435,610
Last Vegas,2136460,2976,246,638402,2425,89,-1,171,20
Serendipity,2266723,5690,164,124561,409,15,81805639,3619660,41638
Zoolander,3517916,,,563377,698,48,-1,400,165
Safe Haven,4194736,10474,430,785128,1639,58,272955,552,153
No Reservations,1059784,5681,109,28432,81,2,326547,1039,24
Kick-Ass,2687069,7945,353,3096293,10686,501,-1,3361,1890
30 Minutes or Less,388924,998,73,475152,1224,51,104156,1143,34
Dracula 2000,149360,529,38,1006073,1005,85,-1,126,17
Alexander and the Terrible, Horrible, No Good, Very Bad Day,6229965,15483,1123,2925937,2857,398,325000,1713,104
Pride & Prejudice,483791,5907,101,6085396,57130,2878,64716087,378319,30438
3 Days to Kill,5046144,12305,609,374489,615,45,281764,,
We Own the Night,214854,239,39,26388,119,10,723389,949,605
Lost Souls,43515,,,18236,49,4,-1,11,3
Le peuple migrateur,4462,15,1,24798,72,4,12682,44,0
Just My Luck,1931975,7186,170,2143404,2263,101,-1,70,66
The Spy Next Door,400004,692,82,1212394,4029,213,73338,678,32
Ghosts of Mars,69506,214,22,46121,64,12,32538,222,10
Our Brand Is Crisis,4452458,4293,723,70498,160,10,77329,144,9
Pride and Prejudice and Zombies,9584801,32089,3792,495979,3629,447,335783,3079,481
How to Lose Friends & Alienate People,304201,1208,39,88860,470,19,298197,,
Kick-Ass 2,3096293,10686,501,784957,4098,185,3255535,25153,789
Alatriste,732456,2508,255,136844,121,20,153064,298,13
Brick Mansions,5369532,14151,577,1295658,3834,159,690010,1489,108
Knocked Up,3273746,8630,241,64885,148,10,-1,,
My Sister's Keeper,4599407,11748,267,74498,190,11,114058,151,2
Welcome Home Roscoe Jenkins,188141,449,22,115807,,,-1,439,92
Notes on a Scandal,2344686,2950,248,11694572,11041,3118,-1,50,22
Rendition,60656,112,8,42424,64,6,-1,25,9
Divine Secrets of the Ya-Ya Sisterhood,296234,384,21,25275,119,6,-1,151,20
The Sisterhood of the Traveling Pants 2,2132759,3839,96,268884,1338,19,512366,6354,61
Joyful Noise,684873,4737,104,115256,500,18,-1,588,51
About a Boy,1044950,1804,87,478349,558,35,-1,75,20
Lucky Number Slevin,951150,1237,57,220200,335,20,84433,109,7
Anonymous,4602450,7723,759,451492,1874,243,464797,236,40
The Duchess,1267934,,,1314353,7016,231,33633,95,3
Case 39,252711,1392,48,92112,287,15,1897278,11040,562
Suspect Zero,29566,,,17010,40,2,38922,22,1
Martian Child,47877,,,21661,102,11,-1,53,16
Spy Kids: All the Time in the World,779218,1830,221,218660,585,54,-1,1931,498
Money Monster,5721996,7561,768,398057,682,54,-1,117,33
The 51st State,23121,30,2,1020,3,0,8668,14,2
Mindhunters,37741,169,14,66880,132,12,46923,156,5
What Just Happened,82484,86,11,6685,20,3,80747,87,9
The Statement,8808,,,15281,10,2,197,4,2
The Magic Flute,31869,136,2,11351,33,1,-1,5,0
Paul Blart: Mall Cop,2845810,6952,1175,-1,1242,356,83189,150,14
Freaky Friday,1358791,,,461144,3737,1413,-1,,
The 40 Year Old Virgin,752123,,,43259,68,7,3124088,17487,552
A Walk Among the Tombstones,3309592,3891,520,1707110,1491,160,637787,1524,71
Pineapple Express,1418478,4080,124,5534,83,6,3821986,27475,1542
Open Range,500763,564,41,22858,282,7,-1,,
Red Eye,99056,258,21,14968,48,2,206870,1126,19
Final Destination 2,94945,654,37,337151,509,37,-1,305,163
O Brother, Where Art Thou?,420642,623,40,19082,39,5,-1,,
Legion,1659449,2899,407,6203603,33387,1097,-1,1240,176
Pain & Gain,24643070,223089,7759,136969198,871570,22162,19329340,131848,4318
In Good Company,86960,,,50083,24,0,103237,154,10
Clockstoppers,175841,,,2835,8,0,108604,320,15
Brothers,597212,3585,87,910493,4892,133,-1,585,75
Agent Cody Banks 2: Destination London,222670,340,26,60697,84,11,-1,191,56
New Year's Eve,1313424,4135,162,174936,429,15,-1,302,110
Original Sin,159314,135,15,39349,46,3,81772,65,24
The Raven,395892,1312,44,48910,207,5,-1,82,28
Welcome to Mooseport,48335,72,11,203,0,1,-1,12,3
The Curse of the Jade Scorpion,28753,62,7,8647,19,1,12266,15,4
Accidental Love,6226929,10268,1171,57087,72,12,-1,19,4
Self/less,7848584,22387,622,6896896,,,-1,400,89
The Constant Gardener,257302,524,18,896210,837,37,2337,,
The Passion of the Christ,2034061,7325,378,14783,81,19,-1,7915,852
Gran Torino,723433,3796,83,68405,155,6,-1,1520,177
W.,133728,546,45,12911,41,8,-1,95,35
Taken,1010405,3550,109,16087947,54857,1802,637586,1261,63
The Best of Me,12186634,47882,1010,7262067,19378,677,620288,1339,30
The Help,487946,1932,85,136106,697,17,51543,284,9
The Fifth Estate,3778080,13412,1218,38035,368,12,-1,,
Scooby-Doo 2: Monsters Unleashed,226566,667,42,41651,132,10,-1,1861,654
Viy,194114,390,24,470575,252,30,1332734,6568,582
Freddy vs. Jason,82096,563,24,780190,1814,59,-1,7146,1427
The Face of an Angel,975280,2128,190,283625,497,35,170233,837,122
Jimmy Neutron: Boy Genius,2310,22,2,196266,603,32,-1,924,341
Cloverfield,719086,1137,65,1213898,,,-1,1020,185
No Country for Old Men,1684848,5422,175,237292,468,17,2777134,19747,341
Ride Along,11186574,35225,1231,14790510,48387,1973,46988,180,13
Bridget Jones's Diary,1363689,,,99791,91,9,-1,193,36
Chocolat,328094,1033,40,759358,1309,76,14460,100,1
Legally Blonde 2: Red, White & Blonde,-1,23877,966,447545,1967,110,890777,2504,84
Parental Guidance,1763935,2082,284,520059,631,61,-1,298,122
No Strings Attached,1474762,,,88582,254,17,4648411,40461,1321
Romeo Must Die,664306,2447,104,718293,722,34,-1,842,148
Final Destination 3,269146,823,68,79832,236,18,-1,619,268
The Lucky One,5358889,11166,432,6580817,21608,796,223722,391,19
Bridge to Terabithia,1235081,5844,166,55227,218,18,-1,,
Finding Neverland,4978583,13868,32229,779304,9946,138,1144517,3076,58
A Madea Christmas,2850286,13428,899,405759,430,48,-1,1926,189
The Grey,1122983,3693,168,312890,,,-1,726,153
Hide and Seek,425550,1102,69,116126,427,19,-1,587,344
Anchorman: The Legend of Ron Burgundy,806295,,,12150,83,2,717902,,
Agent Cody Banks,522407,844,57,222670,340,26,-1,268,143
Nanny McPhee,898773,,,498702,904,85,-1,754,188
Contraband,7463923,3446,1567,1127852,184,17,109589,182,20
There Will Be Blood,1328422,4746,130,151226,259,30,-1,338,40
The Wild Thornberrys Movie,291653,431,33,73880,112,8,-1,347,110
Rugrats Go Wild,221503,383,36,327674,,,-1,399,122
Undercover Brother,250981,826,38,64036,55,3,-1,429,85
The Sisterhood of the Traveling Pants,597951,2674,83,338491,461,11,-1,411,117
Kiss of the Dragon,234110,199,19,76282,,,1062746,1522,248
The House Bunny,2357431,4394,124,2212308,16285,397,-1,930,281
Beauty Shop,630350,826,53,82114,121,9,453645,3833,79
Million Dollar Arm,2261574,8367,262,817160,1465,58,370087,180,11
The Giver,7612808,28412,1064,711440,2862,198,69811,462,13
What a Girl Wants,658616,3891,75,885665,4383,98,-1,336,157
Jeepers Creepers 2,543612,1393,70,128985,1381,61,-1,1498,448
Good Luck Chuck,1314385,3526,197,51498598,128312,21326,3693677,7236,757
Cradle 2 the Grave,291178,821,33,11132,38,1,-1,284,50
The Hours,437701,1240,47,23428,104,2,841906,,
She's the Man,487437,5529,105,51461,350,7,42176,520,10
Mr. Bean's Holiday,799956,1519,95,642043,760,53,647099,,
Anacondas: The Hunt for the Blood Orchid,4110136,2580,482,833776,1791,256,5529,15,2
Blood Ties,184408,226,17,138382,325,13,352639,732,69
August Rush,701621,2119,109,323211,1336,38,158770,229,15
The Sitter,345469,943,47,41001,158,41,-1,357,164
Dance Flick,218050,755,83,65949,,,29908,409,10
Crocodile Dundee in Los Angeles,111409,,,25071,28,5,-1,92,31
The Gambler,6430814,8701,660,349042,299,39,12594368,77911,3389
August: Osage County,2834303,4508,317,531503,1447,75,140191,670,14
Ice Princess,656117,,,779883,2814,100,-1,,
A Lot Like Love,2109555,,,1331448,3000,107,-1,,
Eddie the Eagle,5124724,9447,202,744475,6609,94,-1,218,34
Dear John,10910078,29953,789,162797,473,20,2717,11,0
The Losers,246592,857,47,384513,1137,67,507494,880,199
Don't Be Afraid of the Dark,456316,1222,71,95399,554,73,293489,746,58
War,6367227,44225,857,298745,372,31,14175,284,24
Punch-Drunk Love,547892,1105,56,1121213,1317,68,-1,61,9
EuroTrip,975751,,,243352,223,26,966175,4615,316
Half Past Dead,59860,232,20,313325,158,32,51444,62,4
Unaccompanied Minors,153074,733,29,47425,211,6,-1,199,70
The Greatest Game Ever Played,301366,492,27,323435,331,10,101081,,
The Box,697680,1762,124,380955,516,53,-1,59,35
The Ruins,38042,208,8,963194,1357,110,238253,428,25
The Next Best Thing,2234,15,1,16353,,,7625,25,5
My Soul to Take,284757,1065,55,52757,132,12,3130884,23422,254
The Girl Next Door,567348,605,55,465043,733,101,-1,273,29
Stealing Harvard,126720,115,12,14368,18,5,9764,14,1
Legend,10865709,29463,953,380089,1134,50,2043940,8260,154
Hot Rod,1204099,,,1140081,4041,101,-1,574,104
Shark Night,1374608,5123,370,11808,130,11,-1,719,212
Draft Day,3844306,2360,290,625344,1397,164,739572,1905,70
The Conspirator,103816,184,10,27009,52,4,566,3,0
Lords of Dogtown,668023,,,195799,711,18,428255,3551,134
The 33,6440499,15768,1053,1815553,4918,256,543979,2442,304
Un Plan parfait,673880,1537,154,7528,12,3,15649,,
Warrior,914205,16527,397,5480703,14183,490,124840,1515,50
Stop-Loss,768858,,,18393,60,2,27401,124,5
Abandon,197445,506,27,317106,498,24,-1,39,9
The Possession,9696410,47614,1870,3064575,20714,817,3064148,28335,2719
Straw Dogs,1736329,2547,256,337931,475,23,114322,,
The Hoax,133396,94,8,23511,10,1,-1,4,5
The Road,1314781,3362,137,558121,1186,74,53283,322,8
Underclassman,144625,389,18,300628,239,10,15060,,
Say It Isn't So,164923,316,20,14669,26,7,715,1,0
The World's Fastest Indian,800392,2762,94,92183,168,5,734373,4775,507
King's Ransom,30867,118,3,25423,,,63446,48,13
Blindness,249338,545,42,166344,,,20803,,
BloodRayne,562827,369,103,598220,491,1005,-1,24,3
Carnage,892305,7157,2725,6973256,66074,32194,-1,38,14
Where the Truth Lies,107652,,,6357,13,5,400,10,4
Cirque du Soleil: Worlds Away,149196,673,33,614231,1343,78,-1,249,32
Me and Orson Welles,71574,182,6,58152,73,2,-1,18,3
La migliore offerta,1690184,3154,155,36045,58,0,-1,29,5
The Bad Lieutenant: Port of Call - New Orleans,63297,69,11,512044,537,45,-1,22,10
Sammy's avonturen: De geheime doorgang,8740,13,3,6328,4,0,-1,358,149
Les petits mouchoirs,1601320,1795,89,47165,54,1,-1,5,3
Love Ranch,36105,75,2,54045,79,23,40003,,
La véritable histoire du Chat Botté,141554,87,28,19936,10,5,-1,17,36
Белка и Стрелка. Звёздные собаки,7449333,12952,2412,2307,9,2,-1,103,29
The Counselor,2699512,3600,319,3249259,4871,308,-1,126,47
Ironclad,1254090,956,99,105662,142,17,681979,389,128
一個人的武林,311165,331,19,5549,9,0,982,1,0
Red Sky,32612,32,6,123520,20,56,-1,,
On the Road,1250410,2752,169,391056,1019,67,90415,280,13
Rocky Balboa,1415984,5114,142,39178,141,6,1285282,3887,175
Jane Got a Gun,1745993,2292,273,773015,3340,184,303406,460,31
Think Like a Man Too,9838217,25542,3307,2919162,8326,406,1416463,4744,244
The Whole Nine Yards,221826,477,22,10501,,,477,,
Old School,1217882,,,152194,,,43002,89,8
Return to Me,167673,315,13,307821,220,20,-1,4663,422
Zack and Miri Make a Porno,43137,86,12,411824,346,55,-1,190,93
Nurse Betty,104360,110,12,2664,6,0,15678,,
The Men Who Stare at Goats,2176844,4789,513,20507,64,5,220003,292,10
Double Take,94365,132,8,60509,,,-1,,
Win a Date with Tad Hamilton!,1227076,,,496092,884,84,-1,149,11
Ready to Rumble,171671,302,20,79209,1451,28,58682,441,8
I Don't Know How She Does It,1156940,6882,157,16619,47,10,17749,14,5
Piranha 3D,404529,909,78,138745,328,39,-1,633,193
Beyond the Sea,6994,20,1,61263,163,11,-1,153,19
The Bridge of San Luis Rey,5084,11,2,13688,12,0,407,2,1
Faster,367653,578,40,43404,76,1,108800,185,6
ハウルの動く城,2679130,20329,328,152015,812,18,1556565,5226,140
Zombieland,3464593,10618,558,1701499,3555,203,1665884,3745,632
Final Destination,94946,654,37,723749,1592,88,-1,877,274
The Ides of March,298864,516,27,13960,21,4,-1,68,16
Pitch Black,1446696,1684,234,164931,,,83707,67,21
Someone Like You...,181967,401,9,97751,169,8,-1,31,12
Her,4448862,17758,865,9747680,30847,1064,-1,1011,219
Joy Ride,398081,1243,53,1099326,1090,300,2686,9,0
The Adventurer: The Curse of the Midas Box,928986,790,155,25010,17,0,-1,8,2
The Crew,13871682,107111,2080,9034465,64084,1781,79151,154,12
Haywire,1381396,1836,244,151088,312,32,199889,158,14
The Longshots,64199,92,10,991199,9466,575,-1,353,53
In the Valley of Elah,185350,239,18,23816,36,3,58038,33,5
Coco avant Chanel,624273,1851,45,1331425,2126,55,-1,150,21
Forsaken,3010275,61981,2825,3281484,57845,4442,-1,57,10
Chéri,471669,354,30,158611,227,10,13618,34,1
Vanity Fair,74751,419,25,165346,248,16,18728,106,6
十月圍城,32124,36,1,14439,19,2,-1,44,5
1408,1702848,4034,152,2689097,4051,232,-1,166,40
The Water Diviner,4262733,6666,564,614577,1173,228,19581,77,8
